"income","happiness"
27555.18,62.9853895078191
9894.87,38.5757319403034
29959.02,61.0453034661907
7942.54,51.5514063114556
26306.02,56.942206104431
30768.04,55.206292194539
7501.17,37.7752034444764
4136.91,34.877522634597
30865.87,51.9387227769564
29242.13,52.0678320763384
18985.85,45.5049926444974
27875.17,54.0200608114836
12835.02,43.9514768423691
18940.27,51.9025969032661
11187.89,37.7413886751475
39108.91,64.4102193589018
28138.02,50.181903623784
268.99,27.0812535770016
31255.15,42.6312513735898
4671.19,32.339995604921
33970.89,54.3531531677315
16321.21,48.9651547356006
5726.93,28.3660704832171
9140.85,43.37991654714
4592.85,32.1069970109291
17603.96,46.7101605956673
2495.05,30.9020014282487
20600.15,53.6710568869615
1770.89,36.7958118229949
13834.96,49.7168509841548
33600.11,59.2826186000229
913.81,36.3214651802547
35477.12,62.8763077357287
38552.13,59.0734888439219
24132.92,48.3139657737736
37198.2,57.5361202365041
13889.05,32.0045234438687
13361.33,37.62667434888
37285.05,65.6582733947292
18030.03,41.9143326900122
38922.85,66.9267318377348
39429.05,57.8703338317344
673.13,28.8715110041091
3863.21,30.6780516192873
38680.05,60.4659328412387
3213.06,42.0308671463617
10002.25,38.4070517449463
28873.94,60.3114918607705
16218.1,44.7553032151218
7818.32,34.2649905786421
34438.31,59.5616746255754
36579.89,60.293827592195
10311.94,47.2744677992594
12633.14,36.1013885523656
34487.5,56.341984485282
24965.84,58.2988275372999
22659.65,55.1169049399981
10754.9,41.0218890264376
19123.93,46.4685964605963
4441.04,31.9374700551758
25802.98,47.3424219836302
9524.78,34.0039251450764
21285.92,49.7985861629023
16897.35,36.0126947369592
6823.06,35.0504440780976
13604.67,38.0243629122603
33650.5,65.5420581401544
3129.01,36.8762408461066
14834.31,47.5230866923974
27086.27,50.2162557274553
9118.97,43.3339336823056
35273.11,59.4137082196746
33039.84,62.0914295836982
3917.64,34.4716550216733
38454.14,55.5820713073738
37021.06,67.5739562650881
25845.01,50.2743830166269
24214.91,52.4070907934318
24521.24,49.4598429144272
11231.07,38.866923261324
18078.22,32.9592533876967
33827.03,59.8113920770826
29780.19,55.2182068738018
28878.79,55.6906459553157
4849.07,40.6195220861183
19099.41,44.9046577342961
32562.95,53.5220696829916
25309.31,53.1882009076043
36164.76,59.7581433755431
23053.18,48.7298791394498
11250.02,43.4140931932072
22421.01,47.4269817757527
20249.21,39.8313797993305
29934.48,49.2671265861101
20955.03,52.7432003849602
7494.23,23.9635665375282
38567.03,51.9211915688533
7734.83,33.1195261655098
18212.98,42.4642470367539
33972.37,62.8960463796033
19328.26,48.8820653669371
39001.12,62.1055886798474
17079.86,36.3481816225309
28670.81,57.9360711974223
35984.71,55.0208029816209
4007.21,36.3772848010677
14030.87,47.8640687172885
25495.04,43.5481271878771
37465.74,59.1330986992161
7602.04,40.1632982899427
27387.23,60.248871009093
12650.66,35.080440114367
25183.03,60.2616462137913
36170.63,65.6786225794413
38645.27,65.2316952090314
36654.88,66.0519186991758
8127.14,46.5513400435527
21234.89,54.81974572652
20928.04,47.8780419430379
28484.56,55.18030918689
17037.17,45.7428835792313
20558.83,47.6509604339568
5812.86,45.5950481594344
10405.11,39.3409727843214
24517.48,56.2556943754895
5889.83,39.7509679809269
6559.88,28.389819095869
12975.79,44.2852611863481
836.98,31.7846498062699
20304.38,37.6210133931095
14758.16,43.5970885415417
28766.71,58.3662438191964
31480.05,63.8738751745538
33978.04,58.8961817830199
7367.27,34.5757433617042
16524.22,47.288457083314
11766.18,52.5408304625314
34402.66,61.76765630319
30549.03,56.0515501765447
31975.83,57.7881308337802
18278.25,41.7307252791877
10707.88,38.9594263046886
33181.17,54.8358003242972
23210.28,52.8810753619844
24082.11,62.0052517625575
3797.17,38.8559680697147
24348.9,57.4086108264552
6270.17,34.2804561134625
20362.87,51.6803379675789
28069.06,38.7302184305028
6937.74,35.5971063214202
9114.21,33.8233392304572
12455.84,42.0123398933828
36076.01,66.2561623452884
30046.97,52.3499438244598
1842.1,28.4938183089722
32005.14,48.5762751827137
15276.08,48.8826736337999
37792.82,71.9931437604794
31507,65.3648983631157
31365.22,60.4674710425481
3412.33,27.4196680560909
27613.99,55.9141190209488
14795.73,44.2945149243223
23000.27,49.5397992175035
10062.21,41.7206634206225
35019.16,63.1049267435313
28543.14,53.5470451236332
15075.89,51.4434003272263
22025.01,58.3607322173594
11441.94,41.4261799104801
9860.78,41.8321096989335
34803.03,61.3417919989514
22623.07,40.1207056356173
14180.93,43.4883038438581
13301.78,40.929352970696
17378.06,45.6354006600812
23293.14,46.2311310132673
37841.93,72.2800320606593
26888.87,57.8258111054153
35532.87,58.2215725606169
35482.85,56.8746349583449
32848.85,54.4366254520662
26573.19,50.9257092745865
39351.72,65.1387440801143
22958.12,50.4141106758576
1067.13,34.7700431878482
17878.41,38.089439166114
37341.19,50.3705348526262
29199.18,61.9290759555356
15066.13,44.0133436369987
14032.15,46.576521728751
24487.09,53.1712530331871
29909.95,57.5942596541057
34507.99,56.5324740969311
18706.77,58.9319240531284
28702.84,54.1494813906873
24549.01,47.3459322384804
26058.33,57.0727425080495
9332.81,39.8654379137338
30568.05,68.0320422708994
18318.3,47.1857228707626
38822.95,60.8987510508431
25322.74,48.9089858225271
22427.09,49.3680249242301
15767.8,41.7582611616357
32089.96,63.8786162487701
25541.97,52.6997248009609
37624.78,67.8057567917428
37086.96,64.1706978075265
6193.94,37.6800918348241
32183.01,56.9830402487963
15625.91,37.0692728968751
8702.14,35.6366751703568
21627.87,49.1003488998645
16168.78,41.6254821568958
8783.26,40.7898130713272
23934.03,49.4977349454568
19712.21,41.4129784361274
5985.81,40.2410869573513
2631.81,30.3012129753592
32236.71,61.5852840408234
26533.15,55.7022585256408
14987.02,44.4448941074935
34643.08,55.453219866344
19587.13,42.0225597111539
38606.1,61.926592376865
12233.92,50.5725751901977
36637.84,58.0517120849722
33800.87,54.5587727118219
21549.01,41.0422254721732
37702.76,61.9981569281896
8893.94,39.5043590935576
14485.01,53.2138990839022
11128.94,42.1352114137606
34389.65,57.711521029823
2765.72,27.5710079920085
747.82,37.5634916525097
20116.9,49.3575595684776
33380.8,52.9004043729522
19221.94,42.241881062201
6608.01,33.2215087218307
11398.07,36.0864760999494
36740.22,68.9178123722921
12657.81,37.737016099063
30171.8,60.6380466345191
37299.73,68.391422783203
15984.08,49.8060509908489
9694.94,34.2411182438603
25167.14,42.7968020334749
7786.15,47.3489712291872
13890.01,42.710571151982
21476.73,45.7874999112524
12745.15,49.1456569538977
26212.94,49.9849720535766
27024.64,56.1763445107491
708.15,32.0571539276042
35320.16,63.0931273942074
39793.02,66.7788906152245
9122.05,40.9579105284614
7209.91,41.2178339901592
37194.74,63.7722117569997
36798.87,61.4495374974588
25885.79,55.1245068417167
37709.02,58.3363078448175
12857.23,42.1566928386578
21828.88,53.0888429860658
16445.63,40.8320270268326
23682.17,43.6523509453355
19766.77,45.5912417503026
15815.86,50.7697577986661
17301.91,42.2091265869284
27933.94,54.4076695163836
6996.02,33.8497766126112
765.83,38.8193157915439
22862.48,47.5319623538874
6271.71,37.5658621292448
35290.99,60.0440102001614
27753.91,67.6541045062237
31092.18,54.3277890015418
18305.1,40.6271441058192
27458.24,60.566263001639
23818.12,52.6924495627017
37281.12,59.9554539564761
13352.89,34.8254939756975
33233.68,57.1306598027228
36132.13,58.5879324676082
22791.02,48.6934300195468
28051.72,62.587314424748
15865.16,47.3736463791401
7803.78,43.9040756386797
1929.04,22.3330641219004
27160.94,49.4944309172487
35073.09,62.044975194257
11909.01,37.0875046885332
4786.15,34.0670174914327
33164.81,52.2912450093733
9753.92,35.1141753661577
15401.27,40.5672642081202
30970.01,51.6382277867008
10718.69,42.2486796341895
2951.08,35.7992437210243
29616.07,57.5272585830123
37446.16,70.1761836080995
7918.24,38.346758902537
11511.4,43.128828626707
18571.14,44.6311413377802
5717.86,44.4016131919395
28834.25,57.8485038914691
463.81,32.1501949315224
17063.07,51.4200034055675
3338.14,32.6057219656903
33029.31,59.7768183173653
10988.11,37.8073931453955
17337.75,39.7855748798773
23623.95,47.7308526053992
2685.1,30.0109245966646
30376.71,58.8816448475679
12134.17,46.8771227460087
4455.77,36.280313120153
37677.02,52.5093350168263
38091.7,65.5992702903425
8569.84,40.4070294991271
14739.06,40.8425349534545
17979.7,50.9208305389017
7128.29,39.6035398607289
7030.09,32.275968665225
18460,37.2414332221626
20613.96,54.2628067116776
4841.35,34.9166780004106
3475.6,26.718962608963
18420.07,39.4773066750806
20396.89,44.273146765071
26996.93,54.5929949329769
5086.97,39.5921767919616
10667.87,35.7857565185877
12727.8,41.2016548607913
37305.08,62.4869818681596
24184.23,55.8710118798417
23317.3,51.1539022105261
5817.75,30.7087634104958
28364.08,52.7766241325565
27286.79,63.3189025980584
15773.99,45.4739170985056
9058.83,38.5070485213976
18234.55,44.7725170726103
23548.33,48.7646323745024
3316.94,42.0625388545746
4388.3,37.9101262709982
20020.95,47.9630945475546
35780.05,68.5648630790189
35228.25,54.6344419770834
760.86,31.0981177590722
24528.29,47.5209482302794
24414.01,50.3216189303475
2324.23,30.6562362806202
38553.04,65.4886882019916
34611.2,60.2332252619675
31588.33,56.6417820026659
26662.06,51.0332385613099
11708.8,39.1932876695677
12084.77,39.9737380788606
38510.19,66.6390336591279
21835.01,50.4602359441843
12134.87,38.0550087285509
132.91,31.6990580456916
26025.95,45.3870284650825
38172.93,49.2731714022726
27192.92,61.6550481745402
30543.27,47.8523547981291
27408.09,53.6153475628313
26830.17,60.4331280319768
38.9,21.3375860098513
17348.06,40.9203052533959
20162.91,48.2499912334283
5904.65,34.8418279475398
22967.78,50.0455038347191
11857.01,40.2660091596712
3675.94,32.5682497522154
38279.01,52.5236471724066
35325.04,59.9269361831361
28462.13,47.5554448298689
24699.22,47.7726315137319
22694.34,56.0225503139314
3973.85,32.7880088391217
1838.11,39.8224207555067
2049.11,37.3663836565347
1912.99,42.7723652388836
35604.76,64.3077479289401
9941.9,40.3634299355697
2828.94,41.4931108485719
20795.39,37.5633390387073
28173.03,57.4287974876382
16540.96,46.7873410810418
38646.28,67.9984818052943
2346.75,31.2199319427382
34078.93,58.0687031928848
36272.77,68.9658012281977
33725.1,59.7067000485351
29510.94,68.0084139479436
3892.1,40.4557190212636
11630.81,44.5795730790605
28980.01,49.2869785493495
21937.16,47.2125595362813
10617.01,43.3221198035655
8102.21,40.3893785477972
4027.07,35.2798953938936
6694.3,36.3128708878035
30356.79,57.8308649631377
23615.14,53.4998262400909
10583.04,37.8938532714977
39506.27,57.2739010214622
6319.16,44.152202876696
120.98,24.000554947265
31767.19,73.3039658114037
12344.55,39.1225567847424
943.85,35.7900850690915
18303.13,46.8576464485831
37107.76,58.671226014044
29996.04,68.5783720604335
32347.03,62.6927082307877
18738.68,49.0194554178435
32707.01,60.1459317360077
20610.99,43.3445825084669
22848.84,57.4803358887005
18503.02,47.9333439010863
22462.96,54.5699796482054
14862.68,47.5522724827083
26792.13,47.6905930706004
34460.84,63.1285324043349
25702.64,50.0652383731833
11323.13,44.0106705905654
13379.46,33.4901083597608
31837.09,56.5414063048264
37567.67,65.2491909405218
914.89,36.0564204395056
27932.67,53.9457135394631
26107.41,53.7328978173449
32318.59,56.4360931211339
16866.88,38.2752109731075
36489.98,68.8585210593538
3331.15,34.8154673997468
13405.86,34.9502602895276
33617.74,66.9595018860696
28479.58,51.6768621235881
38160.01,57.9851089941081
11575.11,38.8424780702018
39042.83,63.5096657375518
12531.79,34.0875079276338
31954.95,54.4900575907937
7846.28,38.7613699317414
10451.89,35.9082694984376
5069.98,33.0611764613877
28367.96,52.615153834352
5125.13,25.7226294866137
23857.06,55.9108318626367
9592.94,35.3283990085513
30742.8,49.0256206809293
20942.8,50.3995446428119
31538.94,58.9269290504579
176.74,24.3242185998192
6516.82,34.4848375588734
28446.8,61.2821826266432
17017.13,47.4422573574029
25969.98,58.2236838912104
7260.08,33.2090386783291
32968,62.7422861762678
24507.19,60.9607693227503
360.09,34.797810157808
22921.56,47.4991031043686
22183.08,49.4483107634644
18003.17,50.3388514493158
2791.7,38.4146963219876
29632.85,55.9795650129867
31319.35,57.7168721165307
13047.02,40.5431489540638
34166.06,57.7478630852728
20644.69,51.8355780784839
13680.11,44.3087873374554
284.95,23.0562952580911
25464.61,54.3741149115461
26878,54.5399447514743
22299.25,42.1937480638469
16210.79,41.5610876163774
658.99,31.7157373114317
13254.19,34.9248990391948
20256.93,60.0885267799338
7110.72,47.2880161226867
15092.98,41.9695112011597
21255.88,50.5562414009222
12369.96,34.2134990845685
27371.94,55.5452162508551
14201.85,37.9738332804422
25248.34,51.2474042170136
26341.05,52.5657228779423
11487.88,43.1191290935343
34205.92,52.8909054697492
37342.13,59.5583397246092
4484.23,40.725072367805
16216.18,35.0650815198025
79945.09,78.659584847705
45098.81,59.0080761205093
45629.86,63.9627363398039
46422.32,67.4125834578587
72801.05,73.2934883191622
53685.24,72.5424119141859
77165.1,71.5528212612302
67555.59,73.2452762620656
55981.36,63.3258641905327
67391.76,64.3432729663746
50794.97,67.5308102518773
72680.07,77.8701884157898
54694.06,70.8514938929415
46991.29,63.8371775576807
40415.01,66.6136925976986
55383.88,71.1543400567225
78513.16,81.6972192684782
40136.15,64.7846630484043
71623.08,73.2991854477785
57033.14,79.5323746160629
64095.97,73.5590248780128
60015.23,82.632666455544
48732.11,66.7565396611382
54232.36,79.8318823835083
62285.92,67.9731760069586
57580.02,69.7892070454534
60142,75.7341167083795
78879.09,78.0720016576935
65311.26,67.4074324703467
69306.35,77.1011922771625
68930,76.9470410170041
56226.68,69.5181198728717
65893.09,81.7221807884383
69390.74,78.2685051338946
41717.33,54.0364208202315
41892.07,51.3457953921473
72498.86,70.6641138501497
50224.19,72.9128256081961
47587.8,66.3778638998337
69433.71,70.4839808781309
63624.11,61.0632682671918
42571.77,63.65484243474
41630.11,69.4590039433968
76850.13,72.4203626080288
57840.83,69.6481613011038
52743.94,70.0367313232822
58281.42,72.2871655262593
63524.98,78.1525339599887
68269.8,68.2980136954255
44123.74,65.671044795968
51760.18,59.8742287640423
63156.01,74.1868841089927
57308.87,65.1395167166457
46322.41,59.7866260773669
53179.76,57.563875347304
53753.97,73.3449549832944
48845.1,62.2934029995352
53986.88,63.31102845924
77253.94,83.5889386762174
68864.17,76.8847616884441
79406.55,90.234252655495
44186.85,68.914836424671
74334.36,81.0149603672096
55164.04,72.1438687618917
51858.79,60.2132747332405
53854.13,65.8442753546705
60843.12,66.5876877536706
54365.92,73.3355553963806
56879.88,67.9617813539172
40249.08,55.7143253643391
51008.99,74.6330768285071
49062,71.6021961073293
58011.54,78.451578806223
49274.01,71.9449615049695
56199.86,76.2089621860322
72524.86,80.334733063621
76521.9,84.5911127206447
59575.05,64.2088159820978
77183.71,86.2089235945839
58047.71,74.2824482366779
75853.2,72.5444725597033
50777.01,62.8295079721477
63168.94,68.9107448034734
44564.27,68.1503805137599
57254.11,72.2164953204427
58706.11,72.6309224854391
51800.95,64.6909559191904
63046.39,67.5155429262455
55706.18,66.4867263346337
50712.97,71.587968395818
78578.72,71.4414070625723
75151.04,75.9964774081111
71755.24,75.2283586958778
43827.83,60.6596244934813
65574.04,71.2090225491824
47324.97,78.0124072838285
57761.93,71.1589703479903
40587.37,59.250834041689
53125,80.1862082771018
44826.81,60.6286847636132
75112.06,73.2735967441686
60337.27,71.5487905916499
60034.93,64.923191928827
50966,84.433894121138
74022.21,64.8399006718043
57979.93,78.6374573892494
60760.18,78.5739525119385
42298.13,69.04270752921
72508.24,79.229746919427
53297.99,70.1156114788122
57214.91,71.8034722171556
63115.97,67.4367627220077
71439.79,80.8314831889043
64315.82,74.1565758143959
55010.95,73.196273991227
57535.02,70.6522321415127
77751.98,75.5415052824734
70337.55,80.8168764731482
62541.13,64.53744425557
68361.25,66.1214318266098
58680.75,69.7160213055732
49590.76,70.2984154032478
74679.05,75.9698372154892
49240.95,69.1274613521003
71025.1,85.7991762952177
53748.35,75.1948318963578
51344.05,77.2042402666879
41446.08,59.0405552801491
47458.24,71.2218134245964
73155.72,77.1489635740753
67941.04,74.3927731141944
50682.09,65.3645114387345
67756.15,73.5187206206262
59622.57,73.9740769677344
57067.91,71.9038785122394
42658.83,64.3679422658654
51328.78,75.6088262421936
79875.99,73.5076825040841
44137.04,61.7977708952952
48902.96,57.0548591445896
53676.79,64.4335575410312
42938.99,63.9921749730623
67683.01,73.9690612595929
51592.35,65.2745674586998
47549.11,67.3627022285913
45961.88,63.5050317341884
67277.57,72.3119858811497
69667.35,84.6326059880665
69959.78,79.3535195324319
73772.95,74.2013208723535
53584.98,65.5097206532726
42478.16,71.8221273291223
78861.09,77.4044559001215
44596,75.8801827093089
63316.88,72.4487774273606
79074.94,81.5031545944216
58345.05,65.8460602481896
60129.06,72.7284994902255
69979.18,85.4132877420201
52854.76,73.4683494308296
60794.3,64.6017792826128
64894.87,72.5124492229593
47703.96,62.6977175312622
44413.27,61.4169196315663
77195.07,82.8141325841347
66726.09,80.2229228035339
42784.04,69.4099720713243
65277.94,73.4561830423712
78674.94,77.9930460009094
59656.19,72.4680846849747
48351.97,69.1913508729573
41347.98,58.6186906239908
76147.67,66.6226008961749
49051.98,65.4606097142225
72440.06,87.9207308013113
66352.79,77.3597704139803
70042.01,84.7585427406904
52280.78,77.3885503294709
57530.7,66.1217844761787
68006.68,73.1328047143803
68980.78,79.033817992801
72947.33,73.4734029205849
49400.02,72.02132215091
61713.75,81.9411860630426
58332.86,66.5839385295426
78069.84,84.9940597731605
63081.23,64.4320860151597
45414.2,69.7602927225018
50153.07,64.3566695866223
58911.19,74.9718957655987
63942.85,79.6328558909884
57199.72,75.9615861192607
66401.93,80.4484250628966
79752.9,79.9804985507535
40511.77,67.7273670603978
79666,79.0430820148472
42345.01,66.4461442094575
65200.82,77.686890402746
45531.09,67.2647869935517
57230.91,68.4683702588702
46848.91,68.9930227498671
62045.18,78.791305270352
71772.05,88.8571772279038
79817.11,81.9824143717057
51026.18,69.4825270483743
64788.95,70.9413722627361
64330.09,77.9117184172808
64934.1,73.0273722099639
50050.67,66.8048937852503
41854.88,64.5480224548395
78314.3,82.3247722711651
74433.6,85.1955762975165
63932.25,76.8916621185833
40588.02,71.0923548150032
72374.82,68.3900525652606
55097.06,71.7731876806344
62436.88,59.5530636985401
49461.97,61.2984663343066
66012.9,71.1348508267886
49290.99,69.8617350856359
42055.08,63.4321050114554
68897.84,81.5776100813965
58246.78,70.194850658644
47234.01,64.9173193572033
71573.92,84.19809630336
40283.21,60.637668063898
50314.83,66.5185402517901
54917.12,69.4282448054696
42345.91,73.9097907301774
59648.83,67.5396987366148
58833.17,67.3916030158353
40894.24,72.8758940548419
70000.98,76.9858401903087
63744.35,71.1889597586671
79423,68.8986340265153
57738.13,72.6924198085521
63439.86,67.6587038693567
77811.92,85.1329112577859
70492.75,75.6177424272078
59109.71,78.7075886904932
45185.04,74.9295826932087
61023.92,86.4736611629787
59958.03,67.6738339806876
59871.1,70.968869059059
62508.09,75.1829502640507
40030.02,66.956913858286
52043.09,65.2657331565484
40312.87,59.0642618890704
55081.84,56.4370005358035
50028.05,66.0787358658948
61251.89,75.9063264861506
73088.16,77.7093164346738
65896.31,66.4704603598446
41791.03,61.8548827596288
58308.99,72.963269533266
50478.7,69.3055164515487
71859.74,86.574509208519
64151.97,68.7172583829397
50023.88,64.7304149773588
56477.92,68.7841751275048
74702.45,77.0116326898356
73690.92,86.894491561273
70663.25,73.4166927777411
43866.89,67.9410640177333
43082.05,61.4563515029767
60912.98,70.1005579718476
52471.01,64.5962125577512
55273.85,79.0162778614618
73712.96,80.3848203539276
74067.99,82.5084559861155
75306.83,73.8355646805107
47839,71.6746801821374
76565.91,75.3831369139635
40438.71,69.6715437686213
44886.93,64.5162674610645
58050.86,70.5080402282023
54732.37,68.414910660813
74533.13,74.5031112914526
75365.77,68.969032561227
60876.36,78.9414429927516
61427.02,60.7823657122651
60677.3,71.3021205777917
48224.21,66.8848449394216
45360.87,67.9269748520195
73280.11,76.9614265767062
65296.72,79.1829798600305
40163.05,62.624769507588
78858.2,75.3358075656398
79292.49,83.2984271314244
60678.78,67.7224448411753
67085.99,79.8457398873698
76226.31,74.760338280294
68816.96,64.6862948790735
62981.05,82.1249499329917
70194.11,75.9427090366545
40176.11,67.2056001170674
49495.09,73.0832548175823
48186.08,76.3691859954995
77761.17,72.2041940782589
77655.09,81.6952951307063
57126.78,64.917696263334
78953.19,79.4078188947251
54250.17,69.4295466908036
50190.01,72.8166717561893
67308.7,83.3047752616561
64918.13,78.9702225357017
47494.11,72.6383047723068
57643.22,64.6066743718379
45636.71,67.8659120603523
50604.25,67.7702468428653
62840.11,65.4739759463873
66554.06,77.202023039411
66922.42,75.3785558226421
40488.9,56.306315402092
45427.96,65.3374540650815
48393.9,61.3585989736064
58259.2,68.6026578304925
49645.05,67.7279442982638
54263.83,75.6736175104197
64136.33,80.542117772566
65818.13,78.172953816814
61750.12,80.5663218064202
53779.73,67.2081206998433
40610.87,70.2410979757333
67067.24,66.6991907063814
74184.99,81.8748945774099
69249.95,73.0974716217344
68570.21,73.9654288688926
68666.79,75.2930503222047
50317.4,70.0153745826433
77036.55,87.6625619957995
59030.26,80.3328997286724
52983.95,64.8762722203441
59774.77,73.368508523305
62546.99,69.2716896751803
55354.05,64.5934740548084
73810.16,80.0545807150003
72085.11,72.8174701368101
71785.17,74.7709076316701
57828.61,72.3327864525335
60330.03,65.4658919457296
70368.99,75.2874657071777
61855.2,69.9322164367282
69992.22,79.21978855845
52484.73,72.5119482547289
51308.06,76.5291210936557
74352.17,76.4619543670122
55055.66,80.2973256120726
53808.85,64.1280048056276
69360.57,75.0627851156227
41660.03,60.9869875662293
41680.28,66.7923172252231
56475.31,63.913949362726
68285,85.6324191764238
50276.76,70.3777642196026
66878.96,78.5788331375047
78503.25,84.2167675693209
64616.02,75.7880217497756
67670.87,75.4727282056848
46650.94,62.9329742884695
62311.89,81.5549133393371
63496.31,77.1077743524741
44433.96,68.6666225669482
63543.17,73.658920489106
79329.11,69.6319262495805
66097.16,75.0764888177403
56099.59,66.8493831489671
67725.76,79.3268418492024
43521.12,73.802474653231
55272.25,70.2209858562535
64590.88,69.7382239146662
50377.94,69.8142392602832
42230.85,66.045000567101
42261.14,62.6923000746657
50273.13,70.0015731104351
67022.76,79.941994484988
68327.72,69.4136105219531
54311.01,73.4013906630123
50389.95,57.3755853851545
71973.88,83.1819540916284
61895.09,72.5300899845093
46673.67,76.9727602345325
69361.88,84.1710407943377
52365,68.3487971080475
72369.91,81.8113668745593
79139.26,81.2992567750704
54949.12,74.653176645521
45581.93,57.3738088614811
60991.56,68.8963410735735
74894.08,88.1335237845799
64273.82,72.6657792474489
53428.01,69.2155980252189
48970.9,74.1961120704696
63510.86,78.0474324994503
51948.66,62.8269714891647
77051.5,80.2071929909673
50736.63,74.8857596930146
66324.87,76.4027235179037
54019.96,65.4877995365449
78978.92,81.349458230421
44947.16,73.2020674792998
49586.95,72.7492237100931
60481.88,62.9346143562327
52403,69.9205976824832
67348,74.2026576416054
44697.06,64.4119104653864
71496.1,82.7873827410205
44796.79,67.2592960545273
44003.94,65.0188149317136
79067.95,73.8817508978494
53783.12,65.9340320833244
48472.13,68.8517611534885
59473.95,60.4983493919358
71339.8,71.7004234451303
64715.94,73.5482997980175
53482.09,56.590350511113
70833.81,79.1021399977171
71599.99,86.5610616087525
56797.64,68.1166592448049
47964.9,68.0996382062539
68540.18,77.9253009001315
62885.05,65.1327654373007
54812.95,68.5461578037856
44177.97,73.6895637219865
74623.79,79.5582137258182
76560.06,79.0038411006338
69574.83,61.0411702746799
66295.72,73.3514052891272
41043.01,64.326990197221
43540.13,73.1709729115271
76706.97,84.4801359810564
65186.76,73.3640478253959
71080.13,70.4385934385226
61237.24,53.5803966694547
73068.9,71.5070248160675
57077.11,76.0736027931165
53825.44,71.0807276928855
79979.04,78.3611606873443
72346.16,65.1579931509421
58470.17,75.7465722762242
47603.77,77.5746543275471
71572.13,77.0312368487346
79852.96,79.038885026653
76025.27,78.6146557694575
51279.69,70.6077353813622
58013.35,65.9073627856359
69792.94,79.3874194211171
49665.74,81.4036277448482
63254.1,74.7581885010132
42343.87,62.3386996553248
61159.83,70.4432869172245
65968.95,75.1975648635315
42476.92,58.1057905378413
49444.84,63.5839615551265
63152.92,71.0968715906358
78825.99,80.8112206061976
54423.81,67.10332298828
49056.08,61.5954673294318
66938.13,77.8329010142837
61477.81,71.5111961958223
57802.66,74.6304967618946
64210.61,68.6415591980462
53148.1,64.8767835779974
55000.91,73.290393074531
73152.09,81.2535157163848
60061.44,70.9379111778288
57942.89,75.9195751470441
50931.61,75.1508485563864
60435.26,76.34991582088
49252,71.3113843843924
43411.55,63.5407776563753
58423.91,69.1930327934417
54728.96,69.8819101203628
70460.09,71.8433788050193
47251.09,67.0722686862032
78029.7,84.3518143524798
47906.72,73.0655061548663
69721.99,71.4766157716262
57615.11,72.1858117362006
46671.83,71.1819295588074
42251.03,60.5100576846365
61199.79,77.7076256841762
51167.03,67.9510942014808
70585.08,75.5369634359618
67111.06,71.3755032459688
61897.87,79.6977804572761
67544.82,78.6559474716159
55354.94,71.5062243919264
55875.88,68.7382820231725
44139.02,64.9150314655123
65126.14,71.0330161895996
56196.66,67.8132909320045
44872.02,68.1576252840249
71227.09,77.9225763264746
65231.66,67.8542456918926
56513.02,74.1262534584254
41041.06,59.3247732113745
54924.78,66.3575195998657
70683.22,71.2805088100954
45336.11,56.9819069839326
118014.37,83.1693274133971
144148.31,77.4537168392583
82248.06,77.0408821233862
120605.86,79.3939403529017
167635.77,89.9147991246519
169594.21,91.7256833209969
83710.82,82.7412748692687
168668.76,88.9814156088845
170485.1,77.5834712838071
147034.99,88.2660930764842
108972.11,83.4989128563455
197743.1,89.3874343237637
154416.28,84.3726780913624
94368.33,79.7451208918617
112230.89,84.0039002962165
103430.17,82.4972204242442
94032.17,85.4388939902568
112641.27,83.9993543762099
130801.12,85.4222886393867
191282.08,91.2588754301
84806.09,81.0093374408869
134632.32,90.739142164653
133272.63,83.8656489685891
182581.27,91.4891127863367
87082.2,78.7345667940497
159003.91,89.4912596786366
129932.17,82.6422439896282
114320.79,80.050809485421
130497.85,95.0440375369272
145461.73,85.1685989807241
122271.95,88.0786686883836
98698.49,80.8204722522438
170053.19,96.9335153638775
111854.22,84.1283199652318
125596.92,85.47028001274
185072.03,82.7312622053181
142722.1,79.9073099785476
134300,88.8596739279555
122427.08,79.7206915405016
82622.21,86.0168465525536
154961.47,90.6848050663875
157542.39,86.1821253186015
112150.73,83.6150438107952
148104.32,90.2977800749993
90193.23,78.6992167445984
174114.41,83.4025876670902
194490.99,89.4817903130847
131673.99,92.3683618573747
104220.89,88.4026969514568
173835.16,92.753691592291
91394.28,90.7198192361276
89741.82,83.9237951025109
139828.06,76.6826852329561
119117.95,86.2175430567114
109038.1,85.8971624166822
88851.89,84.1339573499659
179386.03,85.0769821136596
109006.05,88.0931213494018
147970.71,83.9036794375315
198388.18,89.539270659782
197149.9,86.1411891967974
104696.88,78.4481685393643
137070.82,82.9568932665239
135608.33,86.9787048269049
193230.36,87.5163829942819
196165.28,94.561779501068
136634.08,85.8740553249276
153488.04,82.4968167045321
161608.66,96.9728852816141
122309.26,82.5271147992171
184595.94,90.1257002288795
178482.67,82.9923993638703
174982.11,88.9252827574847
182703.76,77.339450676407
133715.88,79.9767942323259
197778.84,85.8136727823537
98255.07,77.5396238900869
161212.02,89.1012210384313
180639.1,86.5869228795193
145206.12,83.7566738624505
176552.17,89.5518241942882
185543.67,95.9362943016184
124619.19,84.9257146270771
170204.04,88.3489945754392
125764.86,74.332900223766
171946.14,83.7065869701053
199952.16,96.8346861181314
118891.03,85.6903948716981
88170.03,75.4917718043143
152191.71,80.0561411131534
148440.23,81.2431748248838
199829.14,86.3707508220266
156862.92,89.5243620648491
163313.19,83.5525452311719
143980.17,83.7157525627625
136520.02,79.2218490954742
196886.61,89.8027584004258
143488.05,87.1462216223806
125491.03,80.0321512266773
153184.92,94.033138537436
182927.48,86.5312251613404
177043.03,89.9562358166279
135924.06,83.3768447757305
123916.07,89.0481729652968
87609.8,81.0741660636249
187068,89.3665437754811
137149.85,76.8265072097706
168920.12,80.9954866055817
104148.89,90.1287051684932
186928.92,76.8583158107542
86161.28,85.1515467287013
165713.82,90.3812319648399
148054.14,75.477519276071
163185.91,90.7151928364084
196423.88,100.420269622206
198226.96,88.6596486840252
143085.04,89.4914646844615
122005.25,83.9703860300406
170219.12,86.657243529861
89801.18,87.5176059607627
191198.9,85.2600359337539
114213.93,85.3064887662926
150160.9,84.9367761839401
147364.76,85.3003728272927
131772.19,82.673590311373
189824.24,85.9105904009319
100490.1,90.3153990874462
97724.13,84.0546898314703
102244.14,81.0347802217394
172904.99,84.4222334867336
92198.97,87.560023362365
192048,96.5244026776704
83719.89,96.6572087558363
103025.81,89.8174553071791
193365.92,85.1805805534067
110417.73,80.3985171972735
177579.14,91.6636849145632
158391,80.4226284132167
152978.06,89.2481774769124
84241.95,78.5189727958051
128250.23,78.1966014122598
151650.27,97.3169204414086
172811.86,88.3644675361531
136184.04,86.6406331795803
192954.71,91.5666128108862
81246.19,84.0231900188624
188437.89,84.6258409772698
109038.98,83.0352460623119
81001.29,86.0575855737675
136776.14,88.9773382986715
100607.73,82.2086835417241
127336.92,82.0346736165833
96590.28,82.652536495791
95765.03,79.5401752563459
95018.89,82.7704384150246
186096.06,89.3172879938876
106738.05,79.1325328898616
88700.74,82.4026582731435
158912.07,92.0805706548837
89617.04,72.8109746159473
110901.41,87.4972241470503
129696.27,85.9956309219103
94357.23,80.3265833711598
155229.88,81.6094289115731
199766.74,91.171485680063
166065.01,84.9801112652169
139213.12,82.7538293226048
140488,89.0650728839222
162194.08,90.6103084129308
106552.78,83.6767204105286
80360,89.1631862157237
162247.63,97.9545339939073
97102.88,78.4449884535988
89340.13,85.5023493222971
154025.15,78.6999378900694
140374.95,85.7397765149841
134992.74,82.8505669347481
193430.45,93.5236031817012
105261.02,88.0078919089516
175871.27,87.6962592290402
115745.2,84.4432865268765
107238.13,86.125903682595
195523.83,91.1978186816483
190608.18,82.2731987688042
88647.95,79.6667491833865
96824.18,90.0540666788198
153555.83,97.4148840257029
144105.51,87.2368619724243
149359.16,87.2112336382035
159575.84,87.8915061882917
144298.87,80.4771981929271
153569.86,92.8271236605834
190100.7,83.7856003191496
199294.88,94.4477680983528
174607.82,89.3523991895629
88758.1,87.1955658171725
162302.9,85.5053380211535
147913.35,84.2555425649463
191583.1,88.2095827305892
100147.1,83.437138794757
106170.04,90.1382743922735
150662.45,87.4167425379485
135450.75,82.6037192618646
126174.15,84.9919150266153
88642.24,101.263861615586
192525.84,87.4292464681809
177173.03,87.2434220265859
120462.74,83.3619247720348
146968.83,86.2067913568988
168760.23,86.4849830374443
151151.84,89.1429419272289
189591.44,84.1060049447761
154842.82,89.045267509233
93302.75,81.767463452621
159232.99,90.0949491633713
199410.96,90.1404758564188
102196.06,78.0428782652737
121291.1,85.3906602436847
121053,75.8722951427193
188240.65,87.2770890908522
86886.94,80.7974919812684
197123.02,80.8042724473666
138638.64,93.7785439359476
104407.08,91.5250873363882
197838.23,86.4570534816
104870.79,85.8480145199524
94872.26,86.0971260699318
150048.87,88.3054058823819
130312.16,77.3856465749386
192555.22,92.0086627770368
121831.19,76.3807094759732
124843.16,94.6498121812912
98181.75,80.7092579072693
193066.35,91.9232224645747
149275.99,85.9364644130881
168002.6,81.6675285761507
168989.88,87.1136882987632
189430.98,91.7960645480648
130631.05,84.8649529155791
108925.97,84.6893935970023
129088.21,90.2063867054306
199628.92,96.1398053839335
166103,79.5128280347958
131651.67,86.1969154340183
84984.8,83.9211527629075
154101.24,83.3807637798861
148726.91,80.8939109614444
166316.12,92.2738764127013
128521.07,82.1360720379397
94744.19,77.2985993007953
118518.03,84.3694146021389
173280.99,85.9461433940417
89240.54,81.1489755222119
176883.24,82.0807441528692
125677.3,84.74872882226
96803.95,79.3044724300798
145763.86,86.4824546817981
85599.11,86.0999539083532
170420.89,94.1869653611333
161733.99,96.4062801871675
129178.62,77.219263545798
137315.98,86.1942472748765
125662.5,97.3411601734288
187654.06,89.1154649047013
133192.51,85.9084787307176
199342.08,90.6266811725698
185056.17,87.2905380257433
180549.87,82.1177189076145
168690.8,83.6136840482169
134007.85,80.7340800230708
197256.98,92.1013345719105
158703.59,83.6431871678544
83269.97,85.5936502668668
81832.39,84.7490713749381
112090.54,84.7755646775303
120299.37,91.7086891673916
99372,74.8750012998269
113373.92,86.5448806981736
170214.74,88.5703436090698
83884,84.0883855535453
137735.72,86.7907616117506
195379.76,93.1651143033397
85467.01,88.0208294907581
111428.96,86.080641924773
186162.93,75.6195995475125
134142.02,87.0399048761416
87632.3,93.668500651613
167511.15,77.4780841522847
98197.93,89.977443456151
103012.23,90.0253194680891
157962.99,83.216779861552
170018.2,77.3911921988997
127046.77,82.7580028742662
80232.82,85.8243501327356
141608.79,86.7673492923434
149947.16,73.6001516511333
126590.21,80.965640420157
177751.91,89.4643461803774
141777.67,74.5208642667989
155662.61,81.681683095247
110079.25,97.1827957040814
183427.58,85.1959107927134
147559.01,83.4079848231211
109544.78,91.3916836143922
153840.82,90.4635489008216
184815.79,87.0340659118735
158516.92,72.8826492016228
106439.27,81.7440487894746
119734.07,90.3471200481012
138969.85,87.7311985440277
154884.92,86.8367872018562
93079.26,83.9840401352808
153830.76,84.6607629533732
82888.14,85.5660043461395
153522.2,90.019701824182
172925.93,82.4186044718811
121935.94,92.9480277246601
192004.95,98.2372085916507
130985.14,81.2599152534532
106949.11,94.0795037280079
157691.68,91.9644463300717
86482.64,82.0330349577836
196573.36,81.847361337429
96774.87,81.6847337480372
144394,90.4322149865213
165434.03,95.9566812523816
120510.21,79.4543197538446
89726.02,74.4335548714917
87729.81,83.2126145707966
130040.86,88.9027054727032
190893.87,73.1584266836131
173683.73,80.055787803818
102614.65,91.7675853160294
89963.91,87.2641782876314
184559,88.4575701282609
158520.77,91.6528872319951
95504.11,87.3628193961412
129155.96,87.9120325271136
145470.18,81.3494630647903
194284.92,90.3578536488206
106896.27,91.8190559491505
190181.27,90.6706665223584
90332.82,88.2117244089307
101923.93,94.2515693194916
124168.75,88.3790446104525
109605.44,81.081632507499
157273.98,95.9369922457787
81000.02,75.0553210028191
183890.74,96.0367556055182
104353.1,85.9769411740031
129251.13,69.3152057249805
88861.12,85.4860730301351
167764.86,81.7277060288755
194431.62,93.4055180406458
87743.03,73.9562070348157
183760.99,91.6332192901288
160278.78,88.5329967367433
125074.64,84.8074988186433
139257.89,81.3622584364588
184634.95,91.8881150377119
121347.63,85.2859933136569
133697.97,85.0158640430218
164824.52,83.3745988363398
109480.05,76.544204988353
112530.16,84.1592733052347
148439.13,88.1644048155266
106015.95,83.7005950205995
98043.16,83.4069998577589
189363.05,87.5101312978735
187404.9,85.4696328524465
199845.05,86.7467173128914
174884.16,83.2785270971014
173925.03,86.0756953131823
147423.04,86.3401828780237
127279.1,77.5701239112401
181329.03,80.6887584363243
85195.34,91.5081318519841
169410.97,83.7556242886048
118284.9,80.454893721946
154152.68,79.6346676712233
162743.93,83.0921167701665
126884.22,88.66630951835
109628.99,72.7425941051631
175843.92,85.5376315723826
98839.21,77.6847776019027
181398.81,87.356213118381
162990.89,78.5103452727678
104818.16,85.6339291598773
96733.08,85.3148678993612
123140.44,90.3325317211368
128315.86,87.7811524146747
94168.88,92.2886101526682
125914.97,84.4347896236928
170273.64,79.8591885359688
125426.97,82.6217538593217
150456.43,80.0163074841252
136595.02,86.6582937704473
186874.91,92.9436384664096
189643.01,78.900334799263
161578.19,88.2488008347434
192625.88,90.6530897618442
162852.05,88.8714308250751
114838.79,83.9461887920602
105421.11,78.6067354511556
123095.59,77.7164777708507
92996.65,76.9414444631985
173379.74,89.4953208582526
150526.06,81.8751495780265
146466.21,81.3276191960314
158310.25,81.1176243785749
146934.87,83.4525184654006
193384.03,85.9869405207372
191759.05,89.0746630606697
162147.92,81.6871295255166
173734.95,85.6690648014257
109098.32,91.6670015577853
94570.27,85.829074894534
129468.83,85.8414373344491
90480.27,84.7053598142587
101896.11,77.369015867971
196718.19,89.9147666357171
157098.72,78.6576434950203
121979.08,83.6366792679473
151432.83,86.7563756098194
198792.07,88.6190009171286
181583.92,92.1651083152177
117804,89.3711272409943
89280.75,78.6301884571154
88841.18,79.2218984694538
160198.05,91.091730163698
113837.41,87.4943145369748
83950.9,79.0559593773859
184837.75,91.7219047767457
148527.58,99.0763520321533
174359.92,88.4653894404242
126742.9,82.3684914777193
136821.97,82.8963571071468
140720.32,78.2272148829683
175169.98,88.0732592511436
126253.95,74.1330427332922
190983.09,86.7383306850409
100065.43,83.5265754689629
130778.1,83.4709479229051
169728.28,89.7522554721292
101277,86.0780136954859
88913.15,80.5830412349236
148367.15,92.5752422697246
198585.02,91.7230942281601
113304.95,90.1178026771251
82863.13,89.8883304524122
108760.95,82.1985041133311
197660.25,82.2358990741281
114570.63,92.5636813136496
111831.63,89.1130517609455
127012.13,84.1675918555481
129452.89,80.2074646007248
128646.04,83.4412101393005
126480.03,92.9287830009788
129280.29,87.3060071125522
144951.75,80.9201888929702
173167.1,90.2492793896152
147847.06,77.7556669878779
107095.92,87.0981311531584
106017.84,80.4764515069264
191446.04,87.9700200380414
120489.41,91.9767425977765
148223.13,93.9507641425984
82560.13,90.9322789863283
123907.91,82.0058321299331
199297.95,86.9932547199447
91158.16,81.1276002639955
106978.18,81.4739744953553
156752.33,82.963668992611
121588.83,81.1082306102365
174117.33,86.3876957629544
99511.51,87.3921165963818
132726.18,82.5651340519287
104105.09,85.5504769875275
127606.84,86.804344138378
80009.23,80.6852732046287
131128.04,93.4568501824813
166529.09,85.4920310633707
195771.14,91.2328142048371
117909.21,87.1233908493236
97629.79,74.5332817547864
192108.1,86.8462234877233
99379.04,80.018789580203
80819.91,90.8972946938021
183673.04,84.2592624849675
104745.24,91.0401153069852
117061.53,88.6313864659139
155422.45,93.0958402913788
123930.87,91.97810957492
159566.27,80.0064347479311
155717.15,78.1972138740939
139268.76,86.8262258518678
82351.9,77.2409349620079
93492.66,78.1702672749488
117407.54,83.4620075542816
151992.8,80.5592035584989
94285.96,76.7997135446717
146800.04,81.9305853579938
179823.85,79.6655459833401
199133.28,85.3020285345769
113116.26,80.706859725124
143420.15,86.943869577148
171661.61,84.7171421780579
127154.23,87.285628122451
126322.32,78.969934134787
170771.31,82.2169211812854
107342.89,88.7992338211945
195335.21,82.7187914603254
193943.23,85.6893838900349
134630.87,84.8070587283921
121914.28,79.7200262800265
157433.75,79.3057763894172
104194,83.9923738305402
171247.01,82.9683175099324
92592.02,89.6175117809995
191771.91,90.844596457401
136357.84,90.4766226556868
119563.99,82.2408368662553
162531.03,81.0582160568514
118221.88,86.6321754476908
120972.95,89.6031947708534
156476.88,83.1687321952645
96350.08,94.6398722507838
158211.09,89.7013038241871
104992.96,80.4053794262315
193993.83,86.5103461714132
135471.94,87.8689354888841
183640.02,82.0010645658077
81600.05,78.0603152726495
83905.89,84.0098272233901
195206.48,79.8159671381668
102735.26,88.161691874413
161664.8,86.2515404160346
120587.16,77.0368902953834
122504.12,82.9222552730013
135926.82,87.7567453369375
181617.96,79.4364922057108
115228.65,94.8390867437668
80907.86,78.0047648452785
159101.11,92.5536030852276
155140.95,90.9470458330834
188362.72,92.3063827892528
81258.9,89.4384008543899
151643.74,85.1187565314951
108593.87,86.6497494959726
127187.09,74.4722598687308
112906.38,77.259724847033
115622.4,86.0113325113064
131562.81,86.2781747053939
155616.96,92.1621508431355
176560.65,80.2397824143219
112041.81,81.0684293118807
126637.36,88.5514962819843
140478.85,91.6552224969663
118073.01,77.0571057942519
158382.05,82.2522460444402
146885.14,84.5956451173296
165271.17,90.5975517559581
145344.03,96.9950218064825
183303.9,79.9304369006999
115014.08,75.8935623943247
195069.33,82.8522136270893
190967.54,94.0564453997162
173602.8,89.2766004205004
85090.92,89.2261151755281
153056.49,89.04210571356
104281.89,81.1088478033388
170504.86,87.6709425578963
193992.68,86.0035286671326
160243.35,87.5696255813696
187266.01,90.0909484888608
192491.06,78.2524640158864
119699.61,86.1962963105493
179521.84,86.7142037431068
110998.8,89.4560020925009
167873.08,88.8095109582097
158040.9,84.0747274185486
128580.02,91.7689475508055
162327.2,85.2802825781702
147267.78,89.1316404894403
194981.88,77.4303750651613
143636.04,83.9485592881934
141750.1,81.8709709832157
121050.37,86.4326019686875
92066.91,84.6715126561239
112848.07,82.7887174854939
142484.79,89.0575696253318
125977.11,75.0862812410657
156345.9,94.9652675591537
122807.03,85.3668360551278
148627.03,85.8578258814206
157236.09,84.0236832021551
166686.15,85.0012726030399
169734.29,77.1918143747541
184217.9,98.6254874879627
83893.21,89.9770201518578
96370.85,81.476099202136
120682.18,87.2052988549768
191437.95,88.6202636758523
185328.96,89.5939737540903
185086.66,81.8693318637686
149495.8,94.0152117385147
144072.34,85.776370056554
153675.4,79.1598704910797
165722.1,79.810244799518
136773.06,83.6483051964907
99325.97,86.9543356095694
182511.16,88.7187795199802
130853.98,79.9280447419521
158642.24,84.1012695723771
193427.11,86.7597255507639
168433.19,82.4060463329373
124172.49,83.1895283619147
108560.09,73.7053403190123
137870.96,76.4980970551244
192707.19,87.4666125052319
95635.92,93.4066704857233
164997.13,89.9364054200584
147155.95,83.7885298628824
162014.31,87.7455924188726
97898.11,84.0171531823088
198566.07,92.6444224717231
186548.1,91.2986860669855
87693.97,85.3562764864681
88018.08,79.9254929372655
152106.72,83.6478707406308
196584.84,95.0426318589072
198862.22,86.1522616696532
123248.62,79.2573926518306
99215.12,78.1669695173193
182246.96,95.4247973118373
126514.94,84.0293426746002
167092.19,84.6753562533191
160126.04,91.5633563144048
147283.2,87.930800478255
129071.7,79.2757149038245
186439.41,83.1830332628536
108653.17,77.3132186661032
131462.99,87.5137298650283
132816.31,96.3621857883164
129428.07,90.0711254180156
163084,87.144620948709
163096.73,91.9306902523513
86415.13,87.8101444573053
182548.31,83.2329480571373
100881.97,83.4161063462009
161645.1,93.8543651872373
100257.01,89.7297588148729
178416.06,88.4874535692768
168519.09,80.3402466344337
118943.24,87.1041743769049
156851.76,78.8794104951378
116027.93,85.4076067420777
179158.81,86.1516199829133
95385.22,88.3005996575706
198474.82,83.3411503860897
83373.39,82.8561278037359
186315.96,89.2498527330584
125809.1,76.6721499141632
82471.95,82.8088511995723
102069.87,89.2508957678388
165804.32,85.0534186317802
138887.7,96.5269539546283
147550.28,85.0989433170816
148645.85,81.2332069817837
121125.94,85.4750075802525
108334.74,85.018940405523
166584.7,85.4742821483624
148158.21,93.6880625847206
93033.9,74.08318811091
128904.01,88.5144804771078
182587.93,84.761920914182
118042.03,85.1944195156839
175350.96,83.9849089785589
126504.27,84.4632815808623
141123.9,74.3828918832681
111486.06,87.7682055439479
159539.08,88.6264898190616
147939.88,91.2634487050528
85938.02,77.5238238032679
149944.51,84.433008724238
87743.8,82.7032184825506
102557.11,90.1221347442873
85796.75,84.7616251416539
122891.87,86.0200715669637
183145.67,89.5202171226375
129237.64,75.3762064351086
97326.05,76.6856539907036
99570.98,78.0651753397625
120880.09,82.4475832342743
156285.33,86.0455620424526
151931.6,86.9481026809146
86271.85,80.0118344520734
139986.2,81.861022607154
97493.7,84.2120790068184
194190.8,89.0315303858196
135144.95,95.2925275973224
188098.83,93.1238471999454
158809.08,84.1832783213485
195509.8,90.475268577834
98634.86,83.4162995482982
139961.15,82.34979415652
91686,86.4642168804193
176364.8,78.0332981762523
197331.94,82.733103699589
173075.1,83.2574060998783
155307.16,87.1254853969998
159005.31,85.3433865555935
153335.83,97.233748163317
176735.19,85.641798992067
196624.63,84.6071417986128
113244.19,85.4927905879009
130084.12,83.2470346620917
180043.11,86.1062276072958
182700.02,87.6014354284706
149659.04,83.7984564234789
90531.08,77.4494116365138
191494.91,102.191194907359
190742.94,88.2660037776705
189443.46,84.973577361466
123208.08,85.1135021918272
88671.84,78.5151362597438
136701.71,91.847234860678
144996.01,82.783632971394
89885.02,77.9753546496624
175058.89,85.2778673784494
197364.84,91.0219499749193
134669.09,79.3298750767103
158890.2,85.4226049897385
188042.96,85.3210401571595
102459.84,85.2698450088381
185052.85,86.4856543438689
189175.18,83.4858221057461
154730.06,92.5707527883946
132835.07,87.2250778958708
111654.98,80.0620392219146
146365.56,90.3125104938286
93885.13,79.543502112957
88463.6,78.5335366386206
85970.13,87.8598815581488
185144.85,86.6809779474196
155802.77,72.7053624424057
101823.18,85.6225377674723
120635.97,74.0849662731607
117046.81,86.668655527049
102714.08,79.0787643702988
113151.85,85.9534498340668
167555.27,85.2006540303203
82526.05,89.1398299132853
188348.87,85.0361775432778
153944,82.0794491480449
180863.82,88.0375196977639
114031.91,81.2880046863466
97532.92,79.3761919475146
80324.85,86.6862990070819
171978.14,87.2411109932042
156341.35,90.8240744150459
89675.15,94.0719305748635
191655.08,89.3724565163176
141242.52,90.1503087988974
150958.3,88.7073910842415
107274.95,83.0849297019841
104609.22,86.7750082351851
82927.15,80.4526769218436
189959.09,92.2558333016383
114690.96,85.7144791123341
147304.17,90.4166213943924
92346.11,85.2888615503398
170335.81,93.6454856986001
108905.12,85.6897944728445
86999.2,81.6736949869984
167849.09,86.8714323813854
159057.19,84.6721992793505
125684.03,87.6141729222889
173509.91,82.836894974218
101211.18,83.9909156658361
84340.13,93.6063231816769
189432.57,79.7698437007572
197642.77,84.3307064591215
155439.81,88.1192727822874
120856.05,81.1034599017686
127972.38,87.5241029753551
88101.24,78.1209880099827
134114.59,97.0753324557935
125053.17,81.0962945766062
184373.14,86.3735814371188
114940.93,76.2797902373185
140534.83,84.2542383396627
183446.02,86.7422395060076
189553.02,77.6595096179654
99147.33,84.7161476457987
158060.17,85.9018495462236
84147.13,85.0380580547597
100282.05,78.8299548147552
148654.29,85.4954745033526
191639.88,90.0659003058685
142618.54,84.926295112165
100773.2,89.3343005667935
91232.07,80.0418357226421
89581.12,89.5571323690634
188245.35,77.2778221829026
93488.09,81.4116899333622
98668.89,88.5918527148514
132253.3,85.4457058590688
155579.09,79.7427176185251
113417.96,87.5329487348364
151128.71,79.8563257757866
190188.69,83.4504115768175
97551.99,84.507866750074
195110.96,96.7430952488338
150751.22,86.2669370625765
178187.81,99.3095292581926
129687.8,80.0117160383718
161670.12,82.3775468485033
112088.09,93.8461711126061
147927.99,86.7554639214314
175225.34,89.7018000767583
155704.06,90.8526585858137
113857.16,77.659538890511
170690.02,91.2698519588875
169763.12,84.4915399583403
118071.09,87.7077303546768
127003.82,78.8385407655757
95600.06,81.8266700336567
98585.75,85.5885218931274
135647.94,81.7066292540437
175081.2,92.3427614347184
128950.15,79.6890062297052
112020.82,74.9823514703167
101331.22,94.4254384991629
117356.87,87.510247053021
90587.98,77.6849049598358
117488.03,77.4963389036157
108414.2,78.5214932421486
123094.28,82.6749770427462
85197.97,79.43846153188
171834.24,89.3469908430386
103622.87,78.3264508090607
158409.8,85.4672680791925
82678.95,90.2099691831107
105550.94,82.3662064710952
178621.65,88.7047903856545
172487.71,82.6914296149792
127628.64,79.7632019766107
185224.3,92.9036211614419
146944.83,82.056223400168
110131.23,78.0729626549353
85595.54,89.5954416128553
172851.22,79.3140761572779
160049.99,80.6340606793457
151571.86,87.4411251539165
144753.57,86.7556558240751
183907.21,94.0930843111466
187746.73,89.6994240511522
164228.74,83.4433528012929
81239,76.6596080373379
94313.06,83.0627827266488
102402.93,87.3509705320023
194613.98,98.4888364373608
171007.72,86.8364921572614
95282.83,85.6431545043542
94340.02,85.5344205894707
90864.86,85.7636632381066
194459.93,97.2219862938084
96920.4,77.2594981331389
84808.04,78.3503641109246
177899.09,87.7918415421821
172751.08,86.3648713804541
94820.56,75.9446007193372
124077.08,94.6932355733
162632.75,80.4764695992348
192904.16,97.6209215514112
115500.2,90.2481866665177
108791.88,80.3303263460433
181759.12,95.9437476080706
107540.22,80.1303314612022
129468.1,92.5057047517017
122136.36,84.6427161107827
166121.81,78.0952836001671
80236.96,80.863266565266
126309.8,87.8606431699262
156128.2,80.7762701142968
183243.99,88.7238771275858
166970.95,79.6649381348127
86428.92,78.6768691527305
193237.07,91.7728272163424
86898.98,82.1045308883761
196673.8,88.2908791280081
139972.97,84.8664335224822
148380.2,83.6270363554083
96319.15,88.4510535784704
114195.19,88.7200526711669
133298.03,83.659104776014
143903.13,89.4543079202773
191593.11,84.7267478579996
154407.18,89.2793360923288
164396,88.3550587873976
176741.76,87.8238381852839
85693.99,88.7915477603324
99943.88,83.8270338747324
153023.62,87.3473547901385
83565.14,82.9511706104601
141574.25,87.637371949341
93723.29,85.3631079127306
101185.14,74.8109473443204
156621.99,88.9895897280022
148743.79,83.9766125479913
135001.75,86.2097094768909
134246.67,78.8012772774568
166069.45,90.0896104112366
113559.98,83.6560223011846
115134.83,82.9346754792741
126719.15,89.133566053638
114079.12,79.8095140094727
157688.2,79.869673926126
101218.06,79.5815403759199
110207.94,80.9612536587892
116667.82,82.6886057927153
165154.05,92.0017029926888
120355.57,86.0415730743792
198854.66,89.1112724503867
160388.66,81.4425320472069
107167.02,78.0276351021123
150372.35,79.5502348122878
128691.14,96.5164825790428
94478.73,90.4128464381866
194863.21,85.2945832419651
132320.28,84.5115388545666
169204.87,90.6863502198771
193520.23,83.0990701067047
148997.65,83.7284650382491
108860.26,80.92937260532
125461.06,87.8779283460197
88794.93,83.5535698369207
173031.13,93.5724676800046
135336.14,92.6264087642111
121817.72,82.512499309597
108438.03,81.0454631318029
163211.87,86.9715628583061
92793.31,74.2164071543531
89386.74,82.4201915877124
188791.2,92.171689170295
86181.51,86.7984222076732
151083.08,79.1280604852819
189131.82,84.6500323088047
106967.01,84.5968255768844
123161.76,82.7914490093596
151503.34,95.3617206871836
188169.19,82.5059433572728
86464.02,77.7668759475584
119355.15,87.8058953164405
169753.11,83.3100001887266
97622.97,75.4399138873556
185635.19,78.3046947233054
197890,87.3326959123329
145477.81,86.2177113536411
127643.97,85.847822182221
143362.98,84.8603177513023
153491.04,84.1534139646886
172534.17,84.6938770950863
165357.21,89.9518377602744
90124.2,95.5964452332023
116153.82,89.8235106294595
161456.71,83.6680174166257
91598.2,75.2251059206106
184432.94,79.7073037453396
148692.83,89.0118050157339
101490.79,79.6340530186438
196977.79,85.2663515883822
142508.88,90.8332150427723
107268.14,83.3800447154863
88820.83,86.9528710046128
111038.22,91.9921678943426
179681.03,91.6494985064163
124435.9,89.5145546839134
131627.77,78.8650546623309
126833.9,90.4129244490352
180822.02,80.7953598996645
117685.96,94.5653656933071
107673.84,83.3553609043858
96592.15,85.9203139345133
143467.01,87.781798562011
84537.03,85.388034442627
97742.99,88.1642777258692
147505.86,90.7156919335736
112723.13,81.3240995587953
109400.74,93.3559824614513
165218.99,92.8311841294333
178802.19,90.2171736250692
188569.74,89.3165251333641
84583.45,80.7363682414021
199083.91,90.9164479460176
171666.8,85.6596215109783
87939.94,74.1222948173517
139166.13,74.2644048646441
99149.48,82.1319473239425
