"test","csize","tqual","ses"
503.971429812689,38,3.79293425061458,0.794666580376477
651.327720204926,23,5.27742924211066,2.30146673976471
623.624525169744,42,6.08444117668306,0.460854776404368
539.00059127827,21,2.65430229737065,2.63537072349361
673.098527268182,20,5.42912468881105,2.70295177475515
584.39316060645,46,5.50605589215757,0.0941171353826593
629.915582375404,15,4.42526003986535,2.93892144955624
584.352328497002,29,4.45336814421581,1.77550789450421
576.252510169341,32,4.43554800090672,1.32618322461205
586.556461124342,22,4.1099621709559,2.44578744480567
654.971248613761,12,4.52280730024645,3.28061710689861
636.153667190011,11,4.0016135551403,3.56513013425123
540.266354201845,40,4.22374610536201,0.799453963810505
602.782924340652,32,5.06445881727627,1.56230503362601
671.51028267143,24,5.95949405897077,2.14638148182447
636.150353281626,27,4.88971450560923,2.06601907555389
581.845072272499,30,4.48899049419336,1.55496398470349
496.251717270411,46,4.08880458337019,0
567.296277449864,29,4.16282831973106,1.72161763249215
712.139510376096,39,7.41583517848934,0.818196367655149
637.074719283903,27,5.13408822015203,2.033125272564
560.271733646249,35,4.50931410330906,1.16228298815946
597.866848991132,26,4.55945212764677,1.88238891975371
645.591710724153,35,5.45958944100585,1.2584774288708
576.579065103608,29,4.30627975306253,1.59165303081683
536.622528337165,31,3.55179508961353,1.62222923904128
704.532875094751,13,5.57475572090073,3.32836671199718
600.916057136636,19,3.97634427703612,2.71643630684198
624.769807151711,28,4.98486169963582,1.76771081174904
520.737453360309,38,4.06405139883161,0.773773099757333
725.195650285321,16,6.10229754620026,3.04753809093163
563.330518446793,41,4.52440692113094,0.563592813176172
533.440452779441,38,4.29055996248749,0.817531071613405
562.793141227469,34,4.49874193940524,1.22379516418684
502.347367951089,38,3.3709065309213,1.02768649052425
525.424797788363,35,3.83238073790581,1.09634243880893
589.318598009546,11,2.81996035105133,3.28720394604443
554.986871359189,28,3.65900680789997,1.89381239901269
580.51492942946,34,4.70570614123629,1.28412904634293
621.789146553611,18,4.53410245959389,2.67172219647766
727.468483084121,23,6.44949626528713,2.19763362591688
529.842851634391,39,3.93135727632542,0.779903274666365
546.05011392735,32,4.14463536626249,1.43903487954904
631.408177305713,21,4.71937699804255,2.53373263441171
664.660401446085,5,4.00565992370433,3.95031546468388
634.888471635729,10,4.03148568212795,3.58194322960051
604.684444808063,16,3.89268180735823,2.83778752223611
568.3545204829,25,3.74801411436106,1.98693033731552
528.938746569623,46,4.47617188101264,0.274204037989013
564.74776027775,35,4.5031500427333,1.26914642631802
529.499757697308,28,3.19396874319805,1.78458613465304
632.373689060451,20,4.41792407531067,2.49020666855371
581.147441153235,22,3.89111037557322,2.05939342375615
578.317088642958,26,3.98503799050799,2.05831205292457
694.708028632284,7,4.83769047644318,3.83836310657496
669.673485857903,22,5.56305581899452,2.38765089941351
704.585005996487,29,6.64781747281506,1.71944927534534
575.291027610109,30,4.2266465760563,1.57148226203643
730.50390215093,26,6.6059096288573,2.09532493553194
527.408607715237,35,3.84219145230559,1.18666859105858
727.88587688812,13,5.65658846433281,3.36819007742547
758.340580438543,29,7.54899107071786,1.71246396990977
611.469901400017,32,4.96523961019616,1.47144757652248
566.330542987661,35,4.33036642033804,1.12698707674302
676.87674388803,17,4.99239524428902,2.93589307240067
676.688807391024,40,6.77708444814343,0.722732676977789
550.795470443781,32,3.86139226324909,1.53126016106077
726.379850768011,22,6.36782717942326,2.31251627333967
697.433611652874,25,6.32956479078236,1.89167769835649
654.023955851811,24,5.33647279720382,2.25079041733303
576.605089771279,39,5.00689283844196,0.683806605793776
592.031045344306,29,4.54453126183857,1.56992455083261
538.96001399417,44,4.63347606712607,0.295890302413869
637.80777493762,34,5.64828656750315,1.15786263478554
784.81652229046,15,7.07027086133094,3.14825059530873
628.384295263151,24,4.84660158753303,2.25283153590922
555.138271387708,26,3.60929905329851,2.08528718612452
539.430197157676,34,4.27641822288985,1.06637386947879
619.829991826349,31,5.25826176216785,1.44318039384037
566.816337491311,38,4.6829408850388,0.98362968057923
606.376587821526,25,4.82221004233571,2.05352524982115
639.847643725667,20,4.83000592314546,2.76513360614726
568.472985049452,23,3.62769811412331,2.2991948153815
606.34923913188,30,4.82621282958597,1.3823842517868
697.564109863671,21,5.85023225712188,2.55278731357432
701.700106127818,21,5.69760871166825,2.38790849886898
693.850414884452,19,5.5499973510911,2.84321094225036
600.392313730538,33,4.59726802455238,1.55937241366341
578.097523497391,40,4.80840622952152,0.820634626747275
558.03738361546,27,3.80547212039749,1.91543093464118
640.408399090432,22,4.94684118125668,2.30277769505261
711.758646528569,10,5.25519600099583,3.55909373112435
735.618506333931,26,6.70596400724007,1.93033747269476
710.947069932873,21,6.00151325236345,2.4270394144678
608.517453073181,26,4.50441655699854,1.91673680172382
729.306514919052,5,5.35555029699975,4
623.542444603262,13,3.86539195646615,3.33796805938236
667.808535852641,29,5.87820362695229,1.76769555260476
687.602107972662,27,5.97291675337612,1.87259591005261
743.64257721547,27,7.12111710537568,1.97831459572825
665.271059016959,26,5.41452353437499,2.11325408438459
576.205301848261,32,4.52528152647064,1.43490458950753
629.746992171231,26,5.06599349370446,2.08070038724449
584.537258629803,32,4.49752221760613,1.30422859341106
528.031027831837,37,4.17400141287066,0.903797867048016
670.786942089188,17,5.16698927975298,2.80444055775452
600.235773060687,20,4.10373537375524,2.65664411993471
624.404654850569,33,5.16818538765576,1.43196932265546
707.368685262786,13,5.35496826101485,3.27278584148814
621.517904796042,29,4.94789488312887,1.80745608424303
587.398842270683,28,4.80406538128375,1.71633478141118
551.622233315622,37,4.35093024839424,1.04632828706075
583.608575984435,26,3.89023276860127,1.97564935396584
663.076236902616,27,5.84927420265506,1.86301403514248
635.537310409525,25,5.02236252607602,2.06751839112109
701.296071132693,21,5.83114061730684,2.44516835983198
580.472513704933,19,3.75571214865577,2.90660038824601
652.560731987713,23,5.16902641376618,2.32741056646057
704.287735856632,15,5.67316630694768,2.99256162675209
686.957581856714,15,4.97372362355147,3.06540057402709
543.937400617202,48,4.80860783144398,0
587.693701427418,29,4.21809335330012,1.63722625701225
782.282940267334,19,7.05816198776349,2.56993253809256
619.544965971926,38,5.75050145315583,0.880364527694964
679.719039939527,37,6.82420830237829,1.03934964139591
646.748326899643,21,5.08005964109199,2.27373647191221
570.627064542762,31,4.36859070103363,1.55857671135984
461.03913680199,46,3.48671187996627,0.268512182321488
618.971474100963,17,4.36390016891495,2.90585484397637
613.274608647646,36,5.22630153249716,1.15916035849323
708.044081924436,22,6.01369034746575,2.38634785492597
668.933549040571,21,5.25275013506634,2.41243011445702
631.334982613632,9,3.82805168715888,3.52126864304235
665.948078061275,23,5.66871432852503,2.19656423546082
578.013521090427,18,3.34989906515564,2.66561035283678
656.807234721754,14,4.6341477518081,3.14059109224811
607.167943445296,29,4.68388167116692,1.59361887195241
454.781591885369,44,3.05175395267863,0.344438646310709
679.61945053113,24,5.9200575223909,2.1429300364911
655.814042148798,12,4.37712840512112,3.32591430830883
552.638919808251,42,4.66596335000254,0.593722339360447
757.500103370924,16,6.39514789252962,3.01213161499515
669.64927885767,29,5.63667441103895,1.93986915704217
637.856633977088,25,4.89156830300962,2.09948142428027
630.85698308241,28,5.51376277840467,1.65077820249413
688.770929223933,14,5.39927180727396,3.03685327959033
777.532773660484,12,6.6628564474304,3.42415647914163
711.982727741165,10,5.27589340358548,3.57084879138618
610.88983883739,37,5.50627262320769,1.03259926693272
668.724827938609,19,5.34755197502381,2.75928584434279
589.656389413085,32,4.62276235250369,1.62381034554186
592.195130885722,37,5.09761946310924,1.01659058608481
724.11477594947,22,6.63874464512173,2.38989510110322
585.652447365281,26,4.12440752581043,1.98204928625175
684.958053437367,18,5.12175999864105,2.79172460509004
764.474366254367,8,6.36213066084498,3.79239787563701
669.537447541107,17,4.76537891307729,3.03671688493632
547.273485504139,34,3.94661719205691,1.30431438443961
606.658795691212,23,4.13021639436409,2.13962266496932
688.901893768023,10,4.60987297035295,3.41324549389255
642.801724681062,12,4.15264992687043,3.17443759629564
549.280735939963,44,4.7393606079006,0.415218417335709
646.852734852093,15,4.58558029365811,2.9464299206338
604.034471795929,29,4.81694920228057,1.65948591488133
643.676456672226,31,5.40705609788058,1.37463730929629
626.457996549821,39,5.62463312820215,0.898797771017289
710.642886400057,31,6.67820574370471,1.68820453992648
660.309320173712,20,4.93130634643501,2.68865650538364
664.59880615349,10,4.67916008734182,3.43527187786736
714.809370022476,24,6.4710057170489,2.13890709820022
724.735943634302,27,6.7043293978271,1.92694761357826
614.838894399708,28,5.04324403755753,1.7976640618882
659.573612584805,15,4.66734268086648,2.95379933574217
472.061857413309,37,3.1777645824369,0.918806552557965
718.602155089105,25,6.41126239874678,2.25001870455132
621.622255065366,14,4.16241756592314,3.02162198057182
608.87745438339,16,3.87623720560468,3.06185151113365
807.631885885468,21,8.04376588609529,2.41707021007276
590.876324625641,38,5.23502130825067,0.837633848630023
596.689679191859,35,4.96674138988669,1.17891527018534
450.350174281413,34,2.2677804770442,1.2795117422846
569.063218179244,43,4.9002094115581,0.556728031303023
701.68764461014,24,5.9760317349224,2.04002033444342
704.44154604331,14,5.4138689154511,3.22294668396681
606.327401118464,48,5.91232216161011,0
760.988851740985,18,6.98373220068439,2.75838789198152
692.174619146082,27,6.16910851401363,1.79733834587649
560.963679899301,36,4.49126298458478,1.23086615280499
689.314539555628,19,5.70418017846551,2.77000881141061
646.927444686322,20,4.80158372617792,2.64838515883954
622.496289034634,24,4.46192921111514,2.09621737861886
437.466502488719,35,2.14424134498077,1.08035664683063
566.385874464424,31,4.21035314773624,1.29513822276208
584.078999220922,43,5.48781463516368,0.382765937722415
831.829810331083,5,7.16803253951933,3.88089390836698
656.985164014532,26,5.50069461428079,1.84440563915239
627.742562858685,34,5.62021020366732,1.24548625121876
500.494773048885,45,4.03409678986642,0
630.821210463162,30,5.16265470811827,1.5705383196996
484.708474584755,32,2.92176245811262,1.4508720953604
597.852993617941,41,5.48522682056925,0.597684117115668
744.294501896623,6,5.69676877856491,4
679.917929829458,16,5.18551391558306,2.87294435097848
593.849166551037,42,5.70073351554446,0.464334112825757
691.244803660303,13,5.31168102866136,3.1339752513847
718.932881135506,14,5.76046236196784,3.04484016061832
737.419653645758,20,6.84246362620766,2.58983068874561
716.158156855803,21,6.1123628412626,2.39910373489487
635.777385084864,25,5.03266395750144,2.14494918465514
591.633419936722,18,3.88555103520264,2.61916121760774
602.716322127854,36,5.41805782238508,0.967380893901883
574.340960452617,35,4.59976476265684,1.35064386172432
671.921375344783,37,6.49349310261748,0.997992741807612
543.079138187971,28,3.39291906015028,1.8341190400115
621.176323289947,23,4.58424821159849,2.14665629511642
669.051147280465,22,5.42200837321742,2.60205652414274
644.033090198874,22,4.84826346346502,2.52905552549282
654.388079490427,12,4.39384888473578,3.44569584076136
635.852487700097,21,4.69527893103329,2.59730928742892
724.705779786714,13,5.62953609988447,3.25631692128956
734.110638560951,14,5.89517198027554,3.09744204280521
650.34505492248,31,5.66021263182041,1.41153958690102
776.537912026888,19,7.27348352044748,2.75130128150681
728.584284494009,21,6.17349757263239,2.45351434101759
648.665659675226,25,5.28770972831379,2.11917823416888
560.999367991942,36,4.34022990617869,1.09661229169478
817.039247173894,20,7.91914013071762,2.5879824566943
665.543229380122,25,5.67741550043833,2.06372874823125
584.642351718011,30,4.31567965586399,1.64516414506322
672.544115026251,16,5.18649208308097,2.92249574441879
654.271512443543,15,4.67560669951634,2.99232536859556
647.165245392065,17,4.72529578177419,2.87356390179351
501.013618259858,46,4.06649665941013,0
587.130132980066,36,5.11684534498608,1.10268316728995
672.514985258601,18,5.31916023864812,2.93723531860462
535.999502047175,34,3.92245787724057,1.25466366519901
463.414217195788,22,1.76684786707686,2.40853962974254
625.638706572617,23,4.74512534734547,2.18291267264276
673.930348448304,15,5.02951783032148,3.10740229118283
613.561994512977,33,5.59427377411051,1.28962832962036
646.261585050174,24,5.0591351681788,1.94219763063927
656.605158216494,23,5.41339889473705,2.34492341671265
607.668166498811,13,3.90222782542958,3.272654447469
642.401378762786,28,5.71117525727044,1.82261916475795
686.513229757875,23,5.71888872985414,2.29040599697828
582.149067525641,41,5.25165106902897,0.657151793996078
727.893934073627,19,6.35727443615177,2.63305002993816
661.053448693452,25,5.40446847127861,2.20681970608308
673.512854626325,18,5.26436426983794,2.63930734251053
640.815988702022,31,5.2680439041437,1.58932943503209
726.172939622215,9,5.43693057703948,3.68535662126586
691.202317237745,28,6.06012390548736,1.86017389575769
664.364662521206,25,5.45219039652871,2.12113874885007
666.791551346294,28,5.66319861568706,1.89432082370055
614.051707978508,18,3.86362644600917,2.84630489128897
582.352704049464,34,4.62950248290788,1.23155097607692
728.610442147834,23,6.47696958979247,2.2014624052689
595.315554229339,21,3.77609624948624,2.57456959846799
589.572007249698,38,5.25806838739611,0.754760112017006
661.892546991125,22,5.40500280543352,2.22771880814336
654.379871353092,33,5.97580332180945,1.40619793773133
655.49306382567,13,4.65112326346009,3.4288107857622
669.561233293026,19,5.15862543949126,2.70489806899413
479.192829376043,45,3.23674493345885,0.274866090599889
676.129046343812,16,5.33859604709991,2.919284781933
604.225281051917,24,4.33343497044073,2.21774092677819
587.777648650261,33,4.76135337567236,1.4386752381008
550.880147320323,29,3.81223471754281,1.64441437218518
584.524353923776,40,5.38493532176858,0.727857833388346
673.753196250132,21,5.66657951565448,2.38619685165391
544.274354451815,43,4.69538611054227,0.361476861985741
709.567736744062,30,6.8250110640863,1.85973722272885
687.290153698833,22,5.67055937056759,2.45517560783696
676.889309815324,27,5.94863257325515,2.08338336199505
772.575635375038,19,7.04940300167091,2.85917332231044
589.640429988633,26,4.34888639076247,2.05054810455568
763.044919235889,4,5.80861927284629,4
654.829799995429,36,5.98658061395456,1.14053682526367
692.821558522281,10,4.9938292039093,3.53911616866609
583.047394590226,42,5.31905235793191,0.385533822651051
541.499079191489,35,3.98817809725816,0.922683541690656
633.235687098439,34,5.47016754772639,1.0986394529512
527.037209223597,42,4.2990296683709,0.478887638837142
729.417174562128,12,5.81368286252649,3.48469384506777
622.05376725331,13,4.18856921600723,3.03370332012997
718.155533109408,13,5.31939748709946,3.37126649842358
551.996786980251,30,4.15347734683638,1.39107855854228
622.602639753116,25,4.75423682087127,2.08559709330906
594.267666552963,16,3.44714098889454,3.11850749108373
664.552764866565,16,5.12843403292575,3.06052978815381
704.791601570989,20,5.98544338940487,2.56013677357227
657.285875359198,24,5.18324752306719,2.15814754090066
483.419525745777,39,3.23377078656954,0.835826777683361
596.721666580684,22,4.37946630338406,2.30968619619025
715.144174796702,28,6.65604303699874,1.8215061851263
703.740482717695,33,6.80980538558388,1.34547542797855
631.168808040892,11,3.82496323198786,3.57615726400038
584.125430529168,35,4.63329674117236,1.29859626261871
656.455490561059,25,5.35362544892729,2.24287638937281
670.030390412772,21,5.3191562208679,2.51603575646107
647.989518400625,16,4.4200430109806,3.05115476204457
598.68402054302,23,4.04672129805309,2.36730439621612
698.017786000792,6,4.82057141305438,3.97321531497352
722.102039284428,21,6.0098082149443,2.44513674789454
601.985063345664,32,5.02362661492141,1.51151983150947
600.242900010786,26,4.3509717804161,2.10251153583565
626.966668170356,19,4.49562577795181,2.66912924560925
640.494052901994,46,6.61439149545836,0
602.274083986311,26,4.55304018874434,1.90443594865297
661.334392740023,24,5.76317676111332,2.04152570851599
698.898725245344,28,6.4717186861858,1.761399126102
662.529636501105,26,5.44366490368742,2.05136853648673
519.479387254282,48,4.57827812992981,0.00819363979293564
650.288948355569,23,4.95999837379393,2.34623628474444
606.282603200512,27,4.50772003177211,2.00302934280113
676.690862071243,30,6.22771711731275,1.50757149923363
542.995850695408,45,4.85044643475561,0
702.098489702107,30,6.54998338398246,1.58878726310216
598.132438390795,25,4.43838746461869,2.11820853805227
594.61451473464,26,4.35288274936764,1.92883923223199
607.435180631298,33,5.14313215905043,1.3913025710452
649.995379627377,23,5.02418864799105,2.32164528804192
563.523841527071,35,4.49554847541913,1.0895104679573
566.942874519988,20,3.41860319006966,2.69928104731946
663.849669138141,17,5.03006642125542,2.82573237519313
621.112248025175,15,4.2834233009293,2.95754341191487
723.825163224004,18,6.08261095547612,2.79884627036529
560.097883923464,30,4.04731454506071,1.64787278994997
708.315167099317,25,6.12648272900916,1.97505317176422
641.105258071186,13,4.35095698262088,3.24507337169485
686.767524985684,18,5.29247007840673,2.61094195854966
693.593245714923,23,5.89870272440274,2.34688303266061
661.479108662519,13,4.48125764320813,3.27917971095465
646.562292432751,32,5.55443855234513,1.37315415813036
632.256311167443,25,4.91202632881599,2.02526327160146
621.092657866082,12,3.86478707059248,3.30150900263725
603.178411523754,28,4.7299203890001,1.75021030543229
729.043928257469,26,6.61978987753494,2.1349983447954
610.360351232228,28,4.78586882630336,1.85332676938911
628.216542937573,15,4.18221753707504,3.23393059413951
626.267945669295,25,4.94597707591839,2.13542598236762
652.605796188119,26,5.33014160985787,2.0672402924147
661.969651209585,36,5.9553246146574,1.31877789148867
675.45956793403,29,6.14395987779244,1.5815370597461
577.999134973412,40,5.10052239837506,0.430785790918015
714.592709413393,21,6.16457524565738,2.40958654077477
619.203783274068,18,4.23574005220085,2.84780319293457
455.778666773558,39,2.6554865953097,0.662615690447535
607.227521315293,24,4.52831657447046,2.40135472863779
612.45539321817,24,4.48414451049261,2.32893589749903
489.973339740449,26,2.68396384849744,2.19532100004021
667.125291964522,23,5.56247175696953,2.07146261011216
665.762239036697,8,4.21622486057762,3.6349332608997
632.994574365098,23,4.77394601377183,2.3330070775793
607.408831077156,11,3.41289701234596,3.40181262288016
672.850223055653,22,5.54752420186832,2.45101702086016
762.905266771243,20,6.89122701735548,2.48732359573994
555.140896838762,32,4.12192288977596,1.46026254488847
701.298304017316,5,4.88744108895521,4
743.990683584936,27,6.94871306497599,1.94018392431068
651.763833200978,33,5.93381633220773,1.50252413213957
761.279997498467,22,6.91305942169705,2.38241714991964
654.789968692297,22,4.99476594206806,2.40918017843792
659.090512412062,17,4.84773995107836,2.72374592278896
575.07436934247,35,4.49036834282088,1.08507542562753
706.09395162504,26,6.43457370342612,1.86281490848044
630.838765898939,9,3.71416146766701,3.57429327787333
617.02950494958,31,5.30731421525502,1.51708229695724
608.454817213691,31,4.95368146672262,1.64380948688943
786.656108583823,19,7.25184180012688,2.61022227422258
559.325963418401,32,4.39196627139029,1.39396485263296
590.353446407903,15,3.49071183014896,3.13451200339725
672.627626331102,20,5.23263176950858,2.42246828892729
621.843459744832,25,4.96035130394891,2.08954971140714
523.972565914277,43,4.16087493249465,0.408286006036377
618.682635106288,31,5.13229108824416,1.65283298575697
699.770140468599,5,4.72447525329406,4
583.698525635493,28,4.32124135873197,1.71409484440775
689.829427646355,17,5.50083593177582,2.6543787829822
586.707598029491,35,4.66833768799321,1.07525238303052
469.542909107751,44,3.16501974922747,0.409296960745957
508.991433998744,21,2.34825875162732,2.7093984696494
660.369788139463,12,4.41941782791559,3.44932679629708
645.073222991999,41,6.45418687087119,0.455619690615957
707.459084329527,17,5.83812937996469,2.8460692482214
706.407803437324,24,6.21505358044614,2.33093247067837
660.6183286284,29,5.98250544273279,1.63381268914086
722.375132771938,7,5.31576402401843,3.74928498341616
519.265229089641,36,3.49293737228368,0.994855038544003
624.270705302241,26,5.20556978716628,1.88256070115816
740.605419714765,17,6.59722809034381,2.6685055465381
400,36,1.60393646542564,0.917525978567168
606.9974960104,16,4.21864771569792,3.10596780578619
693.090200458684,28,6.10246464075191,1.88584661806551
704.989421144428,14,5.52874501944529,3.2291483044291
660.270095866193,26,5.78939440351485,1.97670318390833
630.607758180952,33,5.45709950585608,1.26489453337983
612.051300298825,40,5.53883311565812,0.659485166866479
573.422189838652,41,5.0146431224111,0.626934107628161
572.136131527424,30,4.08351086429691,1.85094290602607
486.128460804613,47,3.77318490923235,0
568.482777374856,42,5.03615286813022,0.440431462581906
698.107804644138,6,4.57860688642861,3.96270156915108
568.315968363557,29,4.1006355915371,1.82168177639437
691.87452888384,14,5.41744131748656,3.35762067316143
717.099410435048,9,5.15344473686401,3.64899204713817
716.127146397853,24,6.46328304519325,2.11948457059363
565.846699076535,26,3.87849750267446,2.00362061633761
612.302475431368,24,4.48221191694498,2.19644344592465
660.575702896777,18,4.92505291166148,2.6797395067307
587.155413831841,16,3.59220991856092,2.8011248449644
543.965777851892,48,4.71529413188952,0
590.716295134537,26,4.29182882178662,2.04739598808669
549.195580510911,20,2.85236099886248,2.61309660685985
614.582419922951,27,4.71616283938864,1.8299815189466
617.457977280252,23,4.46592783602391,2.22575952443179
728.01270504112,16,6.1330101941542,2.89240414112506
595.626301247911,27,4.39593107715234,1.85238690124354
733.009042741127,10,5.55751159559247,3.53718231037047
663.941805668089,21,5.14262929325509,2.45261935487076
494.184680559345,43,3.76313978515468,0.404305747429463
636.618308959407,29,5.37414397250319,1.81283470796627
656.9801995108,18,4.89391387653355,2.56763446812895
633.602862474,27,5.16606198650905,2.1626791167636
606.00734353349,42,5.65803484834241,0.62801698707418
558.12316486742,46,5.11396291997139,0.116047488308666
723.243172352474,25,6.58515916403119,1.93195299183527
657.120843803473,20,5.11555344044332,2.68730693385291
530.220732509846,31,3.74600096071648,1.29199927122785
686.960356302182,24,5.74186477930074,2.37767726881616
576.807806879551,21,3.77709838500015,2.58075773927448
569.979601604997,14,3.08110586823789,2.97462609239334
614.715524978461,21,4.19006361007921,2.58745250933105
600.861981586116,23,4.25532277121472,2.24527877882343
527.154346440067,43,4.3924940773068,0.433996295828304
710.975930856106,31,6.60675956606494,1.49187185190614
760.885810190958,17,6.63559944628363,2.85827885392439
688.489762528789,22,5.72609109669849,2.4518667192148
519.751796886692,35,3.72616507495654,1.10209576314687
655.246945644621,20,5.02314655543334,2.31901114488487
647.557211423039,29,5.48712123382648,1.90603548942023
675.950422498778,11,4.86297249673027,3.26430832492208
633.814505347811,27,5.17174548245601,1.96599063472136
556.115924483747,30,4.05520608510001,1.61183096987207
539.218982181731,29,3.71237969399379,1.73954516809066
675.557876383544,36,6.40776573875103,1.12256548591289
693.215745932818,13,5.26737268905316,3.29275143050665
606.360224442301,25,4.59160235785399,2.16518785360755
626.412304029657,31,5.32527121991694,1.3967929242885
753.33426279656,22,7.06248097311935,2.39860390080151
695.268150089918,17,5.36266695566395,2.85895212545866
683.974317180864,31,6.4114046447039,1.57808753143062
692.002399001038,30,6.36754431457543,1.6945111105703
593.277966446398,26,4.59282385287846,1.94081198549152
600.244874038683,46,5.76254173088585,0
596.064123923896,23,4.34879917696828,2.15543642135745
562.785971777495,25,3.52634422053168,2.04256222751568
543.44856653294,29,3.79833420359489,1.73796080120584
594.583983036137,36,4.85127952186991,0.978806741677696
777.328862982062,15,6.79706242855231,3.06535710343492
613.140522981101,32,5.10480871785557,1.54240916212448
598.28613232332,24,4.19716202664852,2.13530391287928
715.27575260063,6,5.23037496416367,4
648.042079365935,32,5.69797519321809,1.40816630461359
535.751935388874,33,3.70479826805412,1.33126210595422
576.403039136813,24,3.94531978202233,2.15387874093147
502.457051147721,29,3.05839251032493,1.71460838840075
555.29990453584,31,3.73043940699628,1.50730356079902
606.763384132203,23,4.11256118918389,2.4097715393881
629.84684651116,24,4.70808423729681,2.22935645078686
656.778015744715,38,6.41009405297303,0.925374366682674
623.78610287845,42,5.88864143026394,0.619249145561529
665.135515210544,20,5.27297431969026,2.59823324144569
574.775457852814,33,4.43335853397381,1.16053135785225
590.864434827028,35,4.95979306256343,1.04457493995265
720.210031975704,13,5.54761224530106,3.23621807067256
585.841849443989,26,4.49596667839446,2.0759841521696
665.400432189805,31,6.0590701295588,1.46042709236522
716.207150142411,18,6.09745356643579,2.77353811942751
610.235146713305,13,3.83349537037441,3.30430052382949
637.603124245932,16,4.25308868991394,2.98510997410927
652.764415472628,37,6.20673873333927,0.988278489313824
508.558103420157,32,3.31278011945665,1.39397097428161
658.216067776125,24,5.41970989490633,2.31672605550687
583.762183369115,40,5.2334987616388,0.635308891354712
775.331675511359,30,8.19590119785739,1.61803372047234
477.027232781552,27,2.27031965877305,1.98570725884825
574.01879133382,27,4.15920419857595,1.93458186800103
683.999632701247,24,5.67402866865046,2.22343241886172
727.681334791516,23,6.67432650967139,2.18318216667889
707.67125786653,19,5.83968708384049,2.89066124222916
555.203207302243,27,3.57163156444481,1.94692815517991
719.392928946113,33,7.23938816916782,1.17014188448492
520.253443464251,29,3.24273377589825,1.87897090217489
545.749842910339,28,3.88698391209534,1.79034195656516
607.030924147335,27,4.95685960938667,2.03958956171276
819.07130781631,12,7.2255869089066,3.48099019747618
683.612071171517,20,5.50631658733822,2.56666005839204
752.255814069205,7,5.73039605143577,3.78958035863141
776.447266483946,14,6.72807759473682,3.11404785115473
748.700915214993,5,5.98477996831456,3.79407452864789
506.464805537675,39,3.77526212403573,0.635451100103547
640.951553915922,33,5.70972621806583,1.29256001500028
590.3737945072,31,4.89078000742194,1.44371565411251
697.266073325031,30,6.78260789538833,1.68991890624728
600.052033762779,30,4.75655532039702,1.62382066427167
563.071288409832,20,3.47289297774539,2.45852600842686
599.170799858256,38,5.49183437146662,0.738850850568872
633.912150973503,29,5.35450366092699,1.47253483679385
611.238703411181,33,4.98237365236962,1.44318577820146
563.196177176382,30,3.94344967788278,1.62556127378398
555.141288769601,33,4.16108533392173,1.39560001901894
683.682632684491,14,4.98737428350957,3.20312707053266
711.650301118354,18,6.03811014600433,2.76887323340548
621.335892588165,23,4.63554228609494,2.23835102324136
517.327097991895,39,4.12855052781461,0.584971858611315
570.031522739498,5,2.2957969745533,4
703.402787164905,16,5.49424983654065,2.93502575735832
697.451781773444,14,5.42734032499911,3.23388452172586
619.163820039968,46,6.30919086010968,0.108615278201948
692.859449871363,27,6.4667226423107,1.77734870688206
656.372923078691,16,4.85694393370538,2.76812752836091
720.270541205097,23,6.29851372621074,2.38795365826285
654.35146468107,18,5.00131354755592,2.60913303155833
620.960462110401,19,4.32358992431442,2.59051860827632
559.814954863392,31,4.15180340311453,1.56485924671455
598.522366008409,27,4.65305889959256,1.74923010150099
615.134035944829,36,5.22747944302707,1.07373061627669
672.64016165486,14,4.97259859638889,3.08743580325344
560.883493839213,48,5.20087779058503,0.0560407840957875
624.173102751658,27,5.1989426718228,1.71937956166365
692.852225549556,18,5.71459935608369,2.81207755667137
614.878977518781,28,4.72681822511015,1.79229631299196
774.732036373487,13,6.63534745793173,3.45075731996683
694.636445293169,17,5.43769388647964,2.84149317815536
517.015685033711,34,3.80646414925092,1.13426217787062
616.618698614738,26,4.72335019580082,1.94012219329904
654.7369616702,26,5.51588305053512,2.01153115324976
622.587117041812,23,4.58894466791366,2.26911145139178
624.893599896998,31,5.34499504947257,1.47183949407659
648.699069473449,32,5.43439586083114,1.38292615863329
692.460564644585,29,6.30347768300503,1.73762748497832
640.581118784062,14,4.34830408926692,2.91234717100544
678.848234657483,13,4.98311913767201,3.12361058688565
571.466469113101,31,4.43230754470641,1.39648028631747
565.561297786316,26,3.87286713023672,2.05532339363837
491.852792023935,36,3.15102968882097,0.999341567115193
613.166030491636,34,5.19552905518189,1.24182117086078
629.674343844847,34,5.60156522519559,1.38856418549474
604.480609367191,39,5.63915815978993,0.683277736792065
466.872332496317,49,3.61000718253792,0
595.604237041933,18,3.87032214660242,2.76800212752914
590.230388792708,20,3.85884580516243,2.40576131350423
552.077343492501,34,4.31132850039911,1.16828412108396
685.731716071801,16,5.17019781815213,2.95807577311228
728.158910969923,8,5.59448342725741,3.81071925143842
521.986405248285,47,4.18496734927504,0
507.426045492584,13,2.13565316293327,3.15025508071742
739.07923079629,12,5.95382348170826,3.22789365442077
674.791316517996,25,5.61528477061344,2.15210316268381
578.02231884175,31,4.29912929944974,1.47691619081263
529.565334041694,38,3.92633865853021,0.898406635654162
583.415275649684,35,4.70000880320026,1.12026971858702
625.066704905858,31,5.10810656280257,1.36329974224591
588.426890358629,48,5.72320076358767,0
680.904972202277,33,6.39009509607427,1.35374163987757
621.992600388546,17,4.1511166016216,2.98679342631946
610.2072526084,36,5.2907228446435,1.24509985406741
761.198220450582,10,6.33417603370242,3.56520486289813
576.378849338979,26,4.09865784474092,1.94995073900847
634.404797479797,22,4.77723658706715,2.1110287061467
542.040463825447,21,3.2285319717966,2.47547104599742
603.110310229522,36,5.28742225011444,1.06099609529286
546.4258037063,36,4.358808237676,1.22595438035702
574.62866586397,30,4.07506235776105,1.57644153276736
652.366207487834,9,4.22002253081468,3.77287949441054
668.685042158425,21,5.44450337359437,2.42655065833029
505.242502208773,27,2.83753099738834,1.90552982691128
554.601761722665,38,4.57448910007905,0.883404566184337
558.355132509339,28,3.98628234079545,1.91256485347046
589.213511985418,22,4.03788097169625,2.39252609017327
634.769776640062,31,5.47463462727737,1.63937783074627
618.42215411807,37,5.35175426960454,1.11201563838252
595.680822052665,36,4.89297964375302,1.05358344620414
664.921124503738,27,5.53751725660035,1.78008844392544
612.723326825249,22,4.39789510155187,2.34222011692021
563.059298936961,17,2.97670235466632,2.96992412941553
646.140885003717,39,6.15442128059814,0.664546859802881
571.06091965486,34,4.76930700230589,1.19912052459385
523.171127273391,47,4.63491123178509,0
658.309791296352,25,5.15751792937572,2.11005621819367
696.157734959722,18,5.7659322229844,2.7161003737353
660.892464579338,23,5.42608696620231,2.25412060237561
727.499813684961,14,5.92726539996531,3.22876218801499
655.937524867321,18,5.04613459284049,2.58340400595612
570.298037835331,31,4.49571435690889,1.41287522627104
680.570612233402,10,4.69955059164444,3.4466653579162
686.374430240985,20,5.82291597864587,2.44339403542803
605.714512421677,19,4.15073120387096,2.57794688571545
535.54799497192,38,4.0463899043188,1.07816503612272
652.738735849344,27,5.31347871588258,1.75067329483484
617.900029037938,37,5.61247330743331,0.778101353624334
537.649232630663,26,3.30891677246312,1.92746035395449
729.150202528141,11,5.78469862744232,3.36490124503674
614.963657173546,29,5.01192513526002,1.54246898015577
622.81953296845,26,4.81874471213004,2.06520021936009
718.603644789859,18,6.10695440248067,2.7839803359237
641.265060067171,41,6.47939487098826,0.412291926835199
515.551610750659,40,3.85260055900016,0.630635686761832
639.432627760691,35,6.011654376514,1.07248019737764
601.083065698472,23,4.36793080502512,2.30084155983022
633.045471447288,26,5.13236131951909,2.08046894610394
704.240655064252,13,5.48092606472532,3.24674683051722
583.900556783213,37,5.13317762758461,0.765550899794977
540.40050672657,31,3.53713553767181,1.56093070567735
522.593432815823,46,4.49359821952526,0
783.196829889582,8,6.53966323733755,3.61875617137326
684.611012170843,16,5.17279361838729,3.08432849074413
549.029282928279,32,4.16417607592032,1.35919909308699
572.511979040286,30,4.34407129612039,1.74718017374293
697.860304156432,27,6.05756608653532,1.86517072677753
720.089093729388,8,5.34608348986537,3.79535599171383
580.175524057549,26,4.10281345800631,2.03839671736902
652.417039162162,22,5.00626521125563,2.41299828889006
700.142391451581,21,5.59667050907573,2.69957212296699
747.162138057123,19,6.72255180794401,2.68979094457615
516.918605334318,43,4.11825051659065,0.328940534708118
638.78717269599,18,4.62005404483313,2.74004830752263
633.85945660606,35,5.99611001587376,1.07587510088624
581.504139811886,28,4.54087910705616,1.96831142668903
615.578241333341,47,6.46026574621257,0.0722070184797714
692.85951686375,25,6.04324617695035,2.21430302967833
493.16924953863,39,3.34095902965317,0.99496113449304
567.125965769176,47,5.4239577762274,0
485.135548992118,44,3.58083707381476,0.327450869445089
497.327515698938,42,3.53530754332932,0.579277864448983
663.662055016064,21,5.07042097214783,2.55053163877836
651.56169556219,23,5.05669822198027,2.31043317691679
658.214507626423,19,4.96729182273441,2.68507391296196
685.13099349952,33,6.26428122406637,1.46808950918317
640.670315602481,25,5.29498788573024,2.18178545986328
603.13212589896,23,4.32691317949551,2.41159617779636
645.363971703981,27,5.11958829149096,1.91494095104168
548.043496917692,38,4.48560349100871,0.893293796463908
672.100956313019,13,4.93188842613346,3.12913359573999
624.458137317308,10,3.85198808816326,3.66801562437414
714.318154318051,4,4.88475551987083,4
671.462793614998,15,5.10293639184901,2.89254803557245
578.79221408887,29,4.29825651289686,1.81279531679218
634.337052746959,25,5.04123062427029,1.8723025843893
588.934175610994,30,4.35123164940152,1.69466986034193
584.414784564321,28,4.35599214053356,1.73713316214369
624.210949610113,28,4.79556117493363,1.94853135557367
578.070744483933,47,5.49084091766159,0.0273366402659569
636.242058791524,26,4.79466301272947,2.01122825038515
646.59501802262,24,5.19069132392526,2.23534485729383
644.082077664675,36,5.97002419266112,1.04963014647889
549.531472617518,44,4.71473892215293,0.242852024804668
601.076344999589,29,4.89638073145823,1.64003934908483
580.729579058237,47,5.51125454120371,0
626.693439197416,8,3.74183754998428,3.67254711224308
676.436823918798,19,5.54382596895619,2.69054981644897
562.94964094756,35,4.46503641341701,1.02332967992888
575.114618163089,24,3.86195397321993,2.01513417560489
528.07580060455,28,3.23199622912435,1.83454582474957
507.359513367611,45,4.28502179713226,0.339786631473133
527.910780847249,35,3.82979773564038,1.1215656197345
613.808628084222,16,3.82155185158054,2.96581583860238
690.924669280284,38,6.62729133795333,0.844178693265998
524.261247881901,35,3.78785333437147,1.2486042883844
651.066847985859,33,5.99750991744129,1.25491564414526
716.686708027228,13,5.54524564142017,3.22705248547405
581.143942555757,28,4.11521088482488,1.80914200617858
612.54009465084,20,4.38876930211863,2.55431074597468
633.61210515453,19,4.58980048716664,2.77143312710373
621.190620043429,30,5.19040936983681,1.61993320020924
567.924904936317,38,4.65167507104066,0.871448611644023
694.497599241417,23,5.82684753028499,2.17010177703998
590.192640507075,30,4.70731309769728,1.64145766794893
556.591759316765,12,2.83465379003676,3.4429384906866
603.915695326071,32,4.90378322379662,1.48005313675673
517.642123104124,28,3.14804315375142,1.68935790560068
715.360335230729,18,5.93781113523209,2.68273746460155
574.952849596591,32,4.2523135185605,1.33642157963457
563.009334219316,25,3.88475856429983,1.98204945136309
615.212072820504,22,4.40849358470118,2.49659101653161
638.212389758227,31,5.58523068390919,1.5957252994943
463.797497367029,40,3.08144180069014,0.78835118978589
653.606390001782,22,5.25381679150409,2.31274371673616
565.128123071163,29,4.02775823375383,1.72013813581033
550.543621481264,47,4.99148655196198,0
678.14446350326,24,5.67904191100748,2.26957886317779
664.883584546714,25,5.56963136669242,2.13179925086918
648.176238957069,43,6.5029616611284,0.321228729618467
620.565194198961,29,5.12908540116547,1.47412049669595
578.638705182019,28,4.29881704832338,1.82487537655488
720.203396707143,31,7.15370721597723,1.44336923660839
632.904952271989,21,4.69675386173825,2.55184840910852
612.435108791673,42,5.80757977690801,0.423948486719737
642.221129217474,37,5.93099146612641,1.04570722760887
654.20556970799,30,5.45490209827293,1.55013657540147
774.492548361616,10,6.4254206900636,3.44390639515157
623.269002240273,25,4.79100882748725,1.84474591118618
521.43045050311,36,3.76859722090939,0.978281092010101
671.192123395654,10,4.63939642284665,3.53846974718311
601.646539820914,28,4.45278670051594,1.76882402587354
668.451330360009,21,5.32799600751447,2.55192386215171
634.982967433333,12,4.06670016790634,3.12179403686998
687.734505491598,22,5.68081082480018,2.40954539235249
619.066435285241,12,3.83611759981364,3.30026152604088
700.12067477448,34,6.75544950988335,1.20907872846478
776.863258990518,11,6.44963736425491,3.59861945374855
533.491515929611,45,4.55120505878892,0.177099726495558
601.81494665949,36,5.14006728893046,1.02463688602315
575.501903661584,34,4.62634967182242,1.41353934114822
553.166120115066,23,3.79356588276192,2.23310955180241
471.602446725043,32,2.33865402505899,1.52655137517466
639.66107737535,20,4.97490550673441,2.58311098068857
658.695967242069,21,4.96562674275094,2.42002944729188
734.856248811396,20,6.64235903904485,2.67886090857055
585.089777517659,10,3.00453785246117,3.48246102516947
539.193510282944,40,4.33782924139759,0.574715962238146
709.522344133446,16,5.88003799231003,2.96997498065008
628.510880022615,29,5.34238742000164,1.73453423213813
596.165515150639,35,5.12175385552379,1.19689444931483
513.861830845953,45,4.37923896548819,0.222965898084036
600.29169659382,35,5.20094526757402,1.15096310837433
592.93121717665,31,4.76409465197666,1.70052178085398
571.842060064912,44,5.11366111497023,0.0597555208101488
569.745492043877,29,4.42207080471218,1.63996721236615
707.875547897692,21,6.18856488583833,2.51010618716982
631.284813572869,38,6.05993627812147,0.702029581470355
688.322121842267,29,6.33675821086468,1.99515259765206
557.434148267154,40,4.63283082886978,0.655147765111034
616.545330322162,28,4.69566329522161,1.94831581476884
639.83114582606,16,4.64972037576429,2.89484979335908
631.3087670977,46,6.37414476272802,0
689.916827841445,4,4.70027950812493,4
586.903768239679,37,5.09763514422523,0.832249644449067
699.464296089286,13,5.38118802872372,2.94042971867315
739.955137505856,6,5.67821255681878,4
572.156905378445,35,4.73232672776573,1.05617597672666
715.445021701289,33,7.34596566433491,1.32454585487364
633.462327281002,15,4.07250534447517,3.02165032799741
505.765638658519,35,3.57344282630226,1.18249656933302
594.37432528723,35,5.04230266438981,1.04287926598901
796.511218012781,9,6.76744347000481,3.5811192798267
694.533100597045,8,5.05275032714537,3.76644280148737
628.338927486418,29,5.10972603996997,1.77296484111446
746.827713845487,5,5.86320261555815,4
703.390528900785,5,4.90102679523038,3.90374721659382
627.164212726187,27,5.10369654608622,1.93137846349919
657.899925397649,35,6.20848487568464,1.18614086073333
596.806663110253,35,5.09374602105277,1.32674468560267
637.004729476777,10,4.24780348105392,3.402030463378
669.106197995763,21,5.39492421987266,2.54001660829658
608.670318249664,19,3.90847956601258,2.64227416879848
552.791918602931,27,3.54170757500431,1.98728023501304
647.315457518206,24,4.87728771504425,2.18287955322963
561.239005950221,30,3.8990708083316,1.51148541976927
701.117496146881,13,5.58092307183976,3.13523673607646
610.886638744646,30,4.85305251064021,1.67394897775078
664.361393491823,4,4.23366538492765,3.99186253382779
746.5922048218,18,6.62289757854462,2.58677289435209
670.555654903724,18,4.89005945596401,2.98833322371712
767.241419100624,11,6.42170485426206,3.47562393528371
617.701039756866,27,4.8865789510036,1.95304662014389
535.342553219433,44,4.67071905841885,0.23246890079977
623.732551288783,32,5.37346098359714,1.3903660282301
719.040282518611,18,6.02988813093981,2.59325691225055
828.149196029909,15,7.70577504719934,3.20338721999315
577.461759937459,25,3.96505412875076,2.20825682693907
643.988611937079,16,4.81657014135927,2.83913935853181
737.667260406352,16,6.07777130745133,2.94304143399232
690.7312840081,16,5.34162022529879,3.0280931190928
661.217518447352,17,4.81265637588133,2.74756384421526
543.356437877849,27,3.69714089147053,1.80857293471377
662.959980282048,16,4.72134173802433,3.02469016466156
604.229884571988,32,4.81524609154173,1.49577802523955
633.992040219347,23,4.91822250282644,2.34854885945376
703.39248153535,31,6.61224179372707,1.49062612481006
639.053333921127,21,4.53806016049533,2.47782445730895
560.938796022706,22,3.42394969918136,2.50098539560201
653.852415192415,28,5.49643307353113,1.8944194827226
633.205441034557,26,4.88804621618103,2.02730873890106
632.686787286028,19,4.79565359978803,2.43371580457113
603.631435740723,36,5.6355681628564,0.86893551555668
517.144154219485,15,2.09332604592845,3.02068690052451
616.698204828215,23,4.44634174723905,2.26927428999677
630.476686792545,21,4.84654817174908,2.5485486413912
646.6230730934,28,5.60529051576044,1.83057883764132
534.662578755044,45,4.73899340381564,0.121559750049508
616.706747031431,17,3.99486153758875,2.74830719512744
630.395659343892,31,5.37256611431258,1.73989985999219
665.088079016339,21,5.01944617652012,2.61826065906371
715.810503736591,6,5.11052881539528,4
658.179798664291,39,6.15657043692358,0.844375162022138
656.998436235371,12,4.45777953978824,3.35294140674424
539.419641247692,29,3.75079871658092,1.63247801839008
557.653625287121,26,3.71998740324681,1.94168953671932
563.028261606333,30,3.97606721220962,1.46778190756221
517.344082717444,34,3.61234942001194,1.50149952264239
576.59201951055,37,4.95077888559387,0.849860422424144
752.909314003396,24,6.81096073048314,2.12624092272811
648.195476925773,22,4.90048993429173,2.47286389917113
666.272689996131,28,5.77723712429738,1.81347478479356
508.620852505562,41,3.89740367481999,0.38071355004172
600.112220988194,30,4.77835521729821,1.59724095378059
686.420911038062,21,5.5660949625959,2.41281224180517
569.172371813152,32,4.64504065474494,1.27928059593948
648.50677172725,31,5.78526260146804,1.40993476958089
621.270452248343,40,5.6940473785994,0.830373382138334
620.719578000807,20,4.36727010441505,2.59145664607184
559.828645380069,34,4.22804135803869,1.33136105099826
846.29709720633,5,7.3578173876011,4
657.795602747513,15,4.80745066364019,3.01303941735815
626.887583527152,28,5.0066193342142,1.83401268034862
624.841678055271,28,4.94545397537264,2.00241647226761
567.302707123046,37,4.43179311945962,1.28269801682559
586.354771040062,24,4.07302405630336,2.28133802830802
570.994279099157,25,3.8642648186193,2.00728189711361
618.637074622392,44,5.91396233905445,0.270299773591667
493.066838302038,45,4.01393716667713,0.156526383590798
690.460205685273,20,5.66748541348963,2.60120303141026
621.7965859543,46,6.40659548970662,0
659.885312286335,30,6.15777896011788,1.61968792628043
683.130186899627,9,4.86124680242647,3.65516490019156
542.314660399386,43,4.46067814903986,0.337144950984466
585.415712031624,23,3.92110650093848,2.29472966578159
690.340951047663,8,4.98143786004889,3.56990143919341
634.576676178907,21,4.7673843143213,2.51194689676205
683.65822823505,13,5.15629354251416,3.28590240106394
551.79733579358,36,4.39599024524597,1.03248524644029
696.510547403979,19,5.62903512012167,2.63238935450673
676.985586514752,24,5.71416957085202,2.18307866764632
744.704735934014,14,6.07588610128876,3.35011611692373
841.507737446179,5,7.24975551737932,4
639.789985508726,25,5.19789059887929,2.11466169708147
645.924022687644,13,4.4244536815213,3.09574036400398
608.329409085301,31,4.92267913499541,1.59729012880704
531.27026536432,29,3.37208011089898,1.64093028564553
613.906223878167,33,5.12992315396904,1.44721177008355
546.828714724749,39,4.57432686673994,0.645325019724337
628.68995913924,26,5.40601174852113,2.07333886206226
605.569926697035,25,4.73118981436193,1.96101147000787
584.517205412506,20,3.61901546370229,2.72186988398137
623.776665689268,29,5.03658332134456,1.78508104219382
522.878502020076,37,3.64675546882361,1.08441506622652
662.611753930844,28,5.89700619394226,1.87156145919783
600.159916264163,9,3.17064028773607,3.84021048782139
643.822964294711,23,4.85812305582801,2.45053125599064
666.958839433599,22,5.45798177784278,2.27479367766071
595.788265580334,16,3.48038248691001,3.05637641799707
787.392055862625,7,6.39905531466027,3.79205427905425
656.038596256794,8,4.11466080909698,3.71081921609865
603.414532821513,29,4.49366970877868,1.56857106606254
637.965528119724,27,5.16333210596633,1.92072313561489
606.699327199625,28,4.66285614374161,1.63677495549941
554.598329310405,27,3.96404846799017,1.7990095269631
679.092093308191,21,5.40933792821671,2.45128192983634
587.540306955895,30,4.47577654178311,1.52005801519779
598.339186963443,38,5.50650037352418,0.834474819873298
588.610733733419,30,4.49527713722529,1.76105602870942
632.890494914139,10,4.0427496710465,3.44983465190903
692.464486387848,7,4.90536564154674,3.85287387225315
643.051504171268,30,5.64943931761058,1.59676849553722
676.022923110768,18,5.24232179932707,2.82696831595617
610.878187598623,28,4.94106590973829,1.87086509758736
513.775443981463,28,3.05220592842382,1.87847311320163
678.887092779621,33,6.45144363189149,1.32572671519954
572.267802438274,41,4.96006032236228,0.421566201205592
660.337459010733,6,4.13600230893009,3.80207639644711
652.139053591143,19,4.79830976028748,2.80111681386451
576.660392744354,44,5.26125556272743,0.207735272491829
539.926980976883,30,3.48164861669414,1.65258127372455
720.01447392641,10,5.7173086322758,3.55431592932965
643.756786507759,25,5.24683272809642,2.1064927931859
689.404422251722,26,6.20276704630509,2.19250892067048
716.520843564832,16,5.98603927044735,2.84922796714094
637.122219097956,17,4.46205940093776,2.99051461175327
620.028746566,20,4.50971725818604,2.6275822116448
576.606831330247,22,4.00448382743755,2.41521548555604
682.825528190465,10,4.63829707174539,3.47493906483472
747.949326498505,9,5.94435481129692,3.70947207391152
738.671330842852,24,6.79220701161545,2.22835960194932
673.814212887402,28,5.9284093958643,1.79188311793936
529.930905132027,25,3.17006233036932,2.01214575527235
686.502202981387,23,5.82187810616312,2.34972266325496
670.660159838584,33,6.0362687620034,1.32235535759013
708.566831609791,19,5.6174201441298,2.64218267919739
515.802269394217,41,4.14506963688121,0.710561964730636
767.88610859892,6,6.06451051848471,4
589.921173620882,46,5.72948145810367,0
679.412093972439,25,5.66265658435809,2.17283427870576
601.70542307579,26,4.61859279729576,1.94109585234552
693.28441087687,21,5.84589177779358,2.54745229730498
629.92499902376,29,5.11159188444581,1.58952639789569
717.1526469678,3,4.93222973834396,4
689.837681931596,29,6.48709809651828,1.85577906055765
674.521130141882,25,5.75722337664623,2.02339644283464
516.992596873022,15,2.12595750660129,3.12412194136023
649.838967902997,18,4.57345755092252,2.69777449047275
547.315171883042,24,3.51259370436803,2.18090747869435
650.671657732994,28,5.58879164571094,1.83039716959421
584.73021955317,30,4.55740048922422,1.76547195264732
622.949257321153,41,5.9013048023202,0.645069307162952
669.459605517706,20,5.46782834036769,2.62995607852048
643.704226155426,21,5.02204031866703,2.44727015251654
602.226156046879,37,4.91489216820439,0.95595814154325
603.992978342431,29,4.63873285734654,1.81271442537623
708.083290548311,11,5.19950650153727,3.28729087029212
611.147512200916,13,3.8917457452997,3.27409281326188
623.474243528585,38,5.67279407048635,0.778838641807643
652.230926266395,16,4.60588636662636,2.80202190654962
586.977377356011,26,4.25603241441501,2.12683070070261
627.557027541892,23,4.67388652321659,2.38851485718354
697.529986482474,35,6.87466882681447,1.12780382678861
531.613085577033,27,3.24200085465326,1.79291300999102
520.340414421463,48,4.65113909003513,0
595.940678793299,34,5.10658922911839,1.2608766828855
579.131361408507,28,4.46234121879485,1.69337787562458
660.025454503579,12,4.58873086808816,3.30341763353321
603.904954498795,35,5.38234833797612,0.941340144944892
648.99700352499,23,5.22251408854264,2.30172018583522
585.44351205918,27,4.3262454916803,2.08997318683277
599.097029829282,40,5.56743291387052,0.636607749428879
650.832606632335,22,5.17948365476,2.2825238713036
723.517849598045,10,5.68634174948803,3.58069945043383
601.243492241231,17,3.67273633851659,2.94004024632186
634.142255793331,15,4.23208356177767,3.13143023201082
623.649883878139,28,4.80729749132721,1.78630409930615
729.627584506346,16,5.95905119808221,2.95783890475
518.99181438953,47,4.47096863802056,0
529.864557492127,38,3.96711300904914,0.746741390645156
660.926927445488,29,5.7717454904474,1.82515204836704
649.482429607417,25,5.46535666419853,2.10851159290109
595.59869118295,20,3.77432893308603,2.51692045431265
772.127339476489,19,7.04667724022033,2.72163438594481
694.996204336324,30,6.49867444889729,1.5400561672237
521.12519307136,31,3.61105091532316,1.51838845348883
747.282331120208,30,7.15337646372281,1.65072467774652
510.948874843007,31,3.27088325945064,1.43823402815629
645.127256287897,26,5.10204248509449,1.87529730160193
603.81093264898,16,3.85872087250291,2.87755232786064
639.641502566932,21,4.62299091179622,2.46334691360602
583.535821805628,30,4.65121790123795,1.56063466367055
619.25979663639,33,5.32288508122856,1.3075827075032
559.267302839216,26,3.87566038205984,1.89554720640944
454.152369045461,29,2.24295027767933,1.79200008743287
687.563724189971,12,4.90418890088027,3.21930841222822
520.523402090503,48,4.25330019504335,0
606.629075774755,37,5.21078141800538,1.02654733095165
611.610520449614,19,4.15149019149118,2.62119025904558
699.616996102753,20,5.79226476570434,2.66256167229789
585.011428793443,33,5.02918743257565,1.34900975127976
652.830342037489,28,5.60338801248379,1.79126293144572
650.576682390614,7,4.00505989518655,3.79691164714174
580.03697425602,38,4.78866754185624,0.901221585105588
722.764494602546,7,5.34402108749619,3.77774209175325
643.47040578361,21,4.91062147101646,2.31694440814458
776.384741915849,14,6.6540374665165,3.04957642163157
495.262773363099,32,3.03709128679103,1.47371921499326
618.004975164226,39,5.75612551149949,0.879787463697598
639.288720473923,23,5.01441865794305,2.39825949406673
697.184885821186,23,5.94571380406079,2.42130680300369
612.984004038749,31,4.90119150761372,1.57484635094942
445.81972477838,36,2.26024575661286,1.1230089940189
704.92169783427,14,5.42030584942315,3.29999660430953
568.47517979683,39,4.78162073773902,0.663213243505004
637.158043156483,9,4.01064467040175,3.42924242973265
567.499598702539,32,4.34353110381546,1.40530687991355
562.247974347022,45,5.05566354820131,0.117313542179794
850,3,7.45206344477497,4
658.331832656236,22,5.18817357373771,2.37877727864363
533.439516699903,36,4.0203036316223,0.930687171295014
717.246594186681,33,6.90361046750456,1.62485501837805
573.241074048199,34,4.56148021780439,1.20520228153762
590.428874889069,24,4.17027390441454,2.31512286871127
559.779551730314,25,3.752768681238,2.13393938568366
540.331745632087,38,4.32619083691221,0.759448424421155
739.729071206331,23,6.93516726396696,2.256480536921
656.025537070209,32,5.90656143486408,1.32592979325425
714.895462278544,20,5.73652677142708,2.63322735378512
650.398544443366,21,5.14662530404513,2.60236487324394
650.462443422254,26,5.283120796739,1.96596631347373
640.707801033129,32,5.58927672077013,1.21029363945098
609.251326762945,32,5.21584947657704,1.52956444578579
596.053773995149,36,5.15505323487432,0.987181862372301
706.21419596097,19,5.95382663630385,2.83355327007342
680.227794469379,12,4.83414729752071,3.35402356223174
650.060562863396,25,5.25500374557096,2.05007271198645
588.461813759974,22,4.10252764064534,2.33688075564445
714.321392106526,28,6.58397010470279,1.79100112668061
707.400823084406,23,6.39275862816597,2.21845998789684
600.506999747017,7,3.18774176827108,3.87347520792372
630.189412753989,24,4.78368032141054,2.2617218049717
707.402677619852,12,5.54985605671088,3.33469451935642
668.204438039175,25,5.48273623751758,2.2477466461451
618.731431633,39,5.76084872895007,0.624215138816391
560.173359465145,37,4.55434198306599,0.809460218242691
